Date,B3SA3.SA,BBDC4.SA,ITSA4.SA
2016-06-10,3.7986772060394287,7.0787882804870605,2.396181106567383
2016-06-13,3.7445120811462402,7.19657039642334,2.4196066856384277
2016-06-14,3.725670576095581,7.055229663848877,2.3727543354034424
2016-06-15,3.8128068447113037,7.067006587982178,2.369408369064331
2016-06-16,3.7986772060394287,7.1730146408081055,2.4229543209075928
2016-06-17,3.784546375274658,7.128846168518066,2.3894877433776855
2016-06-20,3.9211392402648926,7.246631145477295,2.4296469688415527
2016-06-21,3.9870800971984863,7.332026481628418,2.406219959259033
2016-06-22,3.996500253677368,7.317296028137207,2.3861405849456787
2016-06-23,4.053021430969238,7.557579040527344,2.473153829574585
2016-06-24,3.9823696613311768,7.370645999908447,2.4129133224487305
2016-06-27,3.937624931335449,7.0798516273498535,2.339287519454956
2016-06-28,4.038890838623047,7.254919052124023,2.406219959259033
2016-06-29,4.050666332244873,7.429989337921143,2.463113784790039
2016-06-30,4.239069938659668,7.471529960632324,2.540085554122925
2016-07-01,4.215517997741699,7.602087497711182,2.5635123252868652
2016-07-04,4.239069938659668,7.634445667266846,2.560164451599121
2016-07-05,4.156641483306885,7.631478786468506,2.530045747756958
2016-07-06,4.121318340301514,7.631478786468506,2.5166587829589844
2016-07-07,4.151932716369629,7.66117000579834,2.5367391109466553
2016-07-08,4.274394989013672,7.871999263763428,2.610365390777588
2016-07-11,4.3379807472229,7.961085796356201,2.613711357116699
2016-07-12,4.403922080993652,7.895756244659424,2.573552370071411
2016-07-13,4.502833843231201,8.070953369140625,2.6337902545928955
2016-07-14,4.667686939239502,8.403535842895508,2.7509236335754395
2016-07-15,4.7336273193359375,8.403535842895508,2.737537384033203
2016-07-18,4.797213554382324,8.578725814819336,2.797773599624634
2016-07-19,4.757176876068115,8.546066284179688,2.8145079612731934
2016-07-20,4.5569987297058105,8.620305061340332,2.8044683933258057
2016-07-21,4.5569987297058105,8.554972648620605,2.7776951789855957
2016-07-22,4.549932956695557,8.611398696899414,2.784388780593872
2016-07-25,4.521674633026123,8.584671974182129,2.7710025310516357
2016-07-26,4.493412971496582,8.516375541687012,2.744230270385742
2016-07-27,4.443958282470703,8.546066284179688,2.787735939025879
2016-07-28,4.521674633026123,8.165977478027344,2.7542688846588135
2016-07-29,4.4957685470581055,8.42135238647461,2.797773599624634
2016-08-01,4.420406818389893,8.433229446411133,2.764310121536255
2016-08-02,4.3026556968688965,8.3289213180542,2.781043767929077
2016-08-03,4.286168575286865,8.522066116333008,2.8914809226989746
2016-08-04,4.474571228027344,8.614181518554688,2.8981735706329346
2016-08-05,4.502833843231201,8.667665481567383,2.8881335258483887
2016-08-08,4.413341045379639,8.581494331359863,2.8680551052093506
2016-08-09,4.481637477874756,8.536922454833984,2.864705801010132
2016-08-10,4.396856307983398,8.415093421936035,2.827894449234009
2016-08-11,4.509897232055664,8.664697647094727,2.9082136154174805
2016-08-12,4.5569987297058105,8.676576614379883,2.9115612506866455
2016-08-15,4.418051719665527,8.804351806640625,2.9618818759918213
2016-08-16,4.354465961456299,8.670639991760254,2.9314863681793213
2016-08-17,4.418051719665527,8.768692970275879,2.978769302368164
2016-08-18,4.321495056152344,8.792463302612305,2.992279052734375
2016-08-19,4.309719562530518,8.741951942443848,2.965259552001953
2016-08-22,4.227293968200684,8.507210731506348,2.884204149246216
2016-08-23,4.26774787902832,8.415093421936035,2.887582302093506
2016-08-24,4.263005256652832,8.355668067932129,2.877448797225952
2016-08-25,4.27960205078125,8.394294738769531,2.8706963062286377
2016-08-26,4.260634422302246,8.510180473327637,2.8977131843566895
2016-08-29,4.234553813934326,8.664697647094727,2.9416182041168213
2016-08-30,4.291456699371338,8.69144058227539,2.9483726024627686
2016-08-31,4.246407985687256,8.63498306274414,2.9044673442840576
2016-09-01,4.11600399017334,8.548807144165039,2.929840564727783
2016-09-02,4.263005256652832,8.798261642456055,2.9704415798187256
2016-09-05,4.244036674499512,8.828001976013184,2.9602909088134766
2016-09-06,4.260634422302246,8.920180320739746,2.983973503112793
2016-09-08,4.206101417541504,9.03911304473877,2.9433743953704834
2016-09-09,4.014052867889404,8.539581298828125,2.80804705619812
2016-09-12,4.023536682128906,8.569314002990723,2.8317294120788574
2016-09-13,3.8883910179138184,8.212509155273438,2.8181965351104736
2016-09-14,3.928698778152466,8.280895233154297,2.787748098373413
2016-09-15,4.066214561462402,8.506877899169922,2.8520290851593018
2016-09-16,4.035392761230469,8.35226058959961,2.8181965351104736
2016-09-19,4.056730270385742,8.396862983703613,2.8249640464782715
2016-09-20,4.042503356933594,8.489039421081543,2.8418781757354736
2016-09-21,4.075697422027588,8.655549049377441,2.858795166015625
2016-09-22,4.094664573669434,8.822056770324707,2.902777671813965
2016-09-23,4.028278350830078,8.839899063110352,2.879093885421753
2016-09-26,3.9642629623413086,8.729883193969727,2.8452627658843994
2016-09-27,3.9927146434783936,8.91125774383545,2.885859727859497
2016-09-28,4.028278350830078,8.9647798538208,2.916309118270874
2016-09-29,3.940554141998291,8.816115379333496,2.8317294120788574
2016-09-30,3.985602617263794,8.822056770324707,2.82157826423645
2016-10-03,4.125489234924316,9.049347877502441,2.872328519821167
2016-10-04,4.0899248123168945,9.179744720458984,2.8317294120788574
2016-10-05,4.13497257232666,9.25269603729248,2.868945837020874
2016-10-06,4.149199485778809,9.25269603729248,2.916309118270874
2016-10-07,4.222697734832764,9.383394241333008,2.9501404762268066
2016-10-10,4.248778820037842,9.380359649658203,2.9941227436065674
2016-10-11,4.1468281745910645,9.346924781799316,2.9636728763580322
2016-10-13,4.170536518096924,9.35908317565918,2.9636728763580322
2016-10-14,4.196617603302002,9.435073852539062,3.011037588119507
2016-10-17,4.220327854156494,9.623530387878418,3.038105010986328
2016-10-18,4.227439880371094,9.857583999633789,3.0787031650543213
2016-10-19,4.32227897644043,9.787673950195312,3.0584044456481934
2016-10-20,4.410006046295166,9.930535316467285,3.07193660736084
2016-10-21,4.410006046295166,9.836307525634766,3.0482540130615234
2016-10-24,4.424231052398682,9.742074966430664,3.031337261199951
2016-10-25,4.362586498260498,9.69648551940918,2.990739583969116
2016-10-26,4.374441146850586,9.656970024108887,2.997507095336914
2016-10-27,4.386295795440674,9.81806755065918,3.0617856979370117
2016-10-28,4.338874816894531,9.854546546936035,3.068553924560547
2016-10-31,4.457424640655518,10.164596557617188,3.1937317848205566
2016-11-01,4.327022075653076,9.866703033447266,3.122683048248291
2016-11-03,4.201357841491699,9.632200241088867,3.0617856979370117
2016-11-04,4.170536518096924,9.632200241088867,3.122683048248291
2016-11-07,4.400521755218506,9.96675968170166,3.197113037109375
2016-11-08,4.362586498260498,9.960675239562988,3.214029550552368
2016-11-09,4.260634422302246,9.686946868896484,3.1463661193847656
2016-11-10,4.11600399017334,8.823176383972168,2.983973503112793
2016-11-11,4.0306477546691895,8.838391304016113,2.902777671813965
2016-11-14,3.971376895904541,8.902259826660156,2.8993935585021973
2016-11-16,3.973745107650757,9.036084175109863,2.9941227436065674
2016-11-17,3.902617931365967,8.753229141235352,2.9230759143829346
2016-11-18,3.926328420639038,8.90530014038086,2.9704415798187256
2016-11-21,3.9002466201782227,8.957005500793457,3.000889301300049
2016-11-22,3.9293386936187744,9.017842292785645,3.000889301300049
2016-11-23,3.8840646743774414,9.057369232177734,2.9467570781707764
2016-11-24,3.893594741821289,8.972210884094238,2.9230759143829346
2016-11-25,3.912658214569092,9.014792442321777,2.909541606903076
2016-11-28,3.969848155975342,9.12732219696045,2.936607837677002
2016-11-29,3.9293386936187744,8.838391304016113,2.879093885421753
2016-11-30,3.9579312801361084,9.048247337341309,2.9129252433776855
2016-12-01,3.7458579540252686,8.543364524841309,2.7688896656036377
2016-12-02,3.8125782012939453,8.680013656616211,2.7790567874908447
2016-12-05,3.726794719696045,8.634364128112793,2.765500545501709
2016-12-06,3.822110891342163,8.820014953613281,2.8265020847320557
2016-12-07,3.869767427444458,8.765237808227539,2.8332810401916504
2016-12-08,3.843554735183716,8.673928260803223,2.829893112182617
2016-12-09,3.7506229877471924,8.789579391479492,2.8468387126922607
2016-12-12,3.686286211013794,8.424359321594238,2.734998941421509
2016-12-13,3.7458579540252686,8.457839012145996,2.7485551834106445
2016-12-14,3.621948719024658,8.35741138458252,2.7316086292266846
2016-12-15,3.574291944503784,8.384799003601074,2.7316086292266846
2016-12-16,3.66483998298645,8.339141845703125,2.718052387237549
2016-12-19,3.69581937789917,8.156535148620605,2.670605182647705
2016-12-20,3.7291789054870605,8.333056449890137,2.6977179050445557
2016-12-21,3.7124979496002197,8.263054847717285,2.6977179050445557
2016-12-22,3.694603681564331,8.226890563964844,2.718052387237549
2016-12-23,3.800851821899414,8.399115562438965,2.7728071212768555
2016-12-26,3.8346590995788574,8.552886962890625,2.807905912399292
2016-12-27,3.8877837657928467,8.469846725463867,2.7973759174346924
2016-12-28,3.984375476837158,8.774322509765625,2.835984468460083
2016-12-29,3.984375476837158,8.918869018554688,2.906182050704956
2017-01-02,3.9312493801116943,8.8573637008667,2.88161301612854
2017-01-03,4.093041896820068,9.232498168945312,3.0079689025878906
2017-01-04,4.170312404632568,9.174023628234863,3.025519371032715
2017-01-05,4.119600296020508,9.275583267211914,3.0535969734191895
2017-01-06,4.117186069488525,9.334060668945312,3.0430688858032227
2017-01-09,4.117186069488525,9.346367835998535,3.0746564865112305
2017-01-10,4.194461345672607,9.346367835998535,3.0535969734191895
2017-01-11,4.213777542114258,9.417144775390625,3.0746564865112305
2017-01-12,4.324857234954834,9.638728141784668,3.1588947772979736
2017-01-13,4.31761360168457,9.56179141998291,3.127305269241333
2017-01-16,4.291050434112549,9.580255508422852,3.127305269241333
2017-01-17,4.31761360168457,9.854155540466309,3.190483808517456
2017-01-18,4.286221981048584,9.755672454833984,3.1729345321655273
2017-01-19,4.310369968414307,9.746438980102539,3.169424057006836
2017-01-20,4.399714946746826,9.700277328491211,3.2045230865478516
2017-01-23,4.476988792419434,9.921862602233887,3.2852511405944824
2017-01-24,4.373153209686279,9.884933471679688,3.2466416358947754
2017-01-26,4.419033527374268,10.106508255004883,3.260680675506592
2017-01-27,4.435937404632568,10.137283325195312,3.2571723461151123
2017-01-30,4.392471790313721,9.958789825439453,3.2185633182525635
2017-01-31,4.464913845062256,10.063424110412598,3.2571723461151123
2017-02-01,4.476988792419434,9.980334281921387,3.2712109088897705
2017-02-02,4.479403018951416,9.607421875,3.2677011489868164
2017-02-03,4.518040180206299,9.841445922851562,3.3308773040771484
2017-02-06,4.505966663360596,9.638216018676758,3.28173828125
2017-02-07,4.53011417388916,9.622815132141113,3.3273673057556152
2017-02-08,4.549432277679443,9.801416397094727,3.35544753074646
2017-02-09,4.534943580627441,9.859920501708984,3.3800172805786133
2017-02-10,4.539772033691406,10.00772762298584,3.4116053581237793
2017-02-13,4.563920974731445,10.035444259643555,3.4045848846435547
2017-02-14,4.5421881675720215,9.973859786987305,3.3905465602874756
2017-02-15,4.723297595977783,10.189409255981445,3.5204110145568848
2017-02-16,4.728125095367432,10.155536651611328,3.509883403778076
2017-02-17,4.757101058959961,10.133984565734863,3.566040277481079
2017-02-20,4.708807945251465,10.174010276794434,3.6151795387268066
2017-02-21,4.829545021057129,10.460389137268066,3.6993675231933594
2017-02-22,4.836789131164551,10.5281343460083,3.7173261642456055
2017-02-23,4.7112226486206055,10.368010520935059,3.670633316040039
2017-02-24,4.592897891998291,10.291025161743164,3.605987071990967
2017-03-01,4.612215518951416,10.198648452758789,3.593395948410034
2017-03-02,4.515625953674316,10.167518615722656,3.5502328872680664
2017-03-03,4.539772033691406,10.407843589782715,3.593395948410034
2017-03-06,4.5107951164245605,10.30616569519043,3.622171640396118
2017-03-07,4.460084915161133,10.167518615722656,3.5682177543640137
2017-03-08,4.426280498504639,9.99498176574707,3.4998743534088135
2017-03-09,4.394886016845703,9.905631065368652,3.4675004482269287
2017-03-10,4.513210773468018,9.850168228149414,3.4818897247314453
2017-03-13,4.566335678100586,9.97341537475586,3.5322482585906982
2017-03-14,4.539772033691406,9.890222549438477,3.492680549621582
2017-03-15,4.6556806564331055,10.06584358215332,3.582606077194214
2017-03-16,4.423861980438232,10.01962661743164,3.582606077194214
2017-03-17,4.397301197052002,9.711519241333008,3.51426362991333
2017-03-20,4.4455976486206055,9.88405990600586,3.5070695877075195
2017-03-21,4.435937404632568,9.591360092163086,3.3847713470458984
2017-03-22,4.573578834533691,9.628332138061523,3.4710991382598877
2017-03-23,4.515625953674316,9.637578010559082,3.442323923110962
2017-03-24,4.518040180206299,9.776227951049805,3.4746954441070557
2017-03-27,4.5107951164245605,9.859410285949707,3.5070695877075195
2017-03-28,4.50838041305542,9.914872169494629,3.4818897247314453
2017-03-29,4.6725850105285645,10.121301651000977,3.51426362991333
2017-03-30,4.682244777679443,10.05660343170166,3.4710991382598877
2017-03-31,4.658095836639404,9.976491928100586,3.4171433448791504
2017-04-03,4.696732044219971,10.025792121887207,3.445919990539551
2017-04-04,4.754688739776611,10.102547645568848,3.492680549621582
2017-04-05,4.703977108001709,9.89599323272705,3.4531147480010986
2017-04-06,4.6242899894714355,9.791175842285156,3.4063539505004883
2017-04-07,4.6991472244262695,9.81275463104248,3.42433762550354
2017-04-10,4.662926197052002,9.874412536621094,3.4387259483337402
2017-04-11,4.6218743324279785,9.899076461791992,3.4531147480010986
2017-04-12,4.6025567054748535,9.800424575805664,3.4351284503936768
2017-04-13,4.469744682312012,9.501392364501953,3.3488001823425293
2017-04-17,4.720880031585693,9.926827430725098,3.4387259483337402
2017-04-18,4.757101058959961,9.868247985839844,3.4675004482269287
2017-04-19,4.662926197052002,9.769598960876465,3.4099509716033936
2017-04-20,4.6242899894714355,9.600042343139648,3.381171464920044
2017-04-24,4.592897891998291,9.775761604309082,3.4639039039611816
2017-04-25,4.626704692840576,9.865167617797852,3.4710991382598877
2017-04-26,4.609801769256592,10.031641960144043,3.4603078365325928
2017-04-27,4.57599401473999,10.324511528015137,3.503471851348877
2017-04-28,4.590482234954834,10.299853324890137,3.5574252605438232
2017-05-02,4.720880031585693,10.57699966430664,3.6257712841033936
2017-05-03,4.7112226486206055,10.569864273071289,3.589799404144287
2017-05-04,4.660510540008545,10.413778305053711,3.5070695877075195
2017-05-05,4.696732044219971,10.427348136901855,3.6041877269744873
2017-05-08,4.684660911560059,10.420559883117676,3.596994638442993
2017-05-09,4.703977108001709,10.51218032836914,3.6077842712402344
2017-05-10,4.807811737060547,10.668272018432617,3.632964611053467
2017-05-11,4.831960678100586,10.732738494873047,3.6941144466400146
2017-05-12,4.8633527755737305,10.841328620910645,3.7049028873443604
2017-05-15,4.921306610107422,10.858287811279297,3.7049028873443604
2017-05-16,4.984090805053711,10.875259399414062,3.6941144466400146
2017-05-17,4.950284957885742,10.661481857299805,3.622171640396118
2017-05-18,4.532526969909668,9.263470649719238,3.273265838623047
2017-05-19,4.6242899894714355,9.416175842285156,3.2948453426361084
2017-05-22,4.469744682312012,9.148106575012207,3.201324462890625
2017-05-23,4.505828380584717,9.209186553955078,3.2408909797668457
2017-05-24,4.556727409362793,9.314376831054688,3.2408909797668457
2017-05-25,4.49128532409668,9.24990177154541,3.165355682373047
2017-05-26,4.6342878341674805,9.463680267333984,3.2265031337738037
2017-05-29,4.6342878341674805,9.463680267333984,3.2265031337738037
2017-05-30,4.590660572052002,9.517970085144043,3.2480857372283936
2017-05-31,4.46462345123291,9.338129043579102,3.2193100452423096
2017-06-01,4.493709087371826,9.287235260009766,3.152653455734253
2017-06-02,4.520370960235596,9.15785026550293,3.1706697940826416
2017-06-05,4.520370960235596,9.15106201171875,3.1562576293945312
2017-06-06,4.4961323738098145,9.273296356201172,3.199493885040283
2017-06-07,4.547033786773682,9.422706604003906,3.2535388469696045
2017-06-08,4.505828380584717,9.280089378356934,3.2283177375793457
2017-06-09,4.4961323738098145,9.089935302734375,3.17427134513855
2017-06-12,4.467047691345215,8.943926811218262,3.17427134513855
2017-06-13,4.4961323738098145,8.872621536254883,3.195889472961426
2017-06-14,4.551881313323975,9.215577125549316,3.2283177375793457
2017-06-15,4.551881313323975,9.215577125549316,3.2283177375793457
2017-06-16,4.588237285614014,9.171435356140137,3.2463319301605225
2017-06-19,4.673068523406982,9.195201873779297,3.2499353885650635
2017-06-20,4.561575889587402,8.981281280517578,3.167065382003784
2017-06-21,4.629441738128662,8.93034839630127,3.149049758911133
2017-06-22,4.600356578826904,9.04239559173584,3.1562576293945312
2017-06-23,4.57127046585083,8.967700004577637,3.1238291263580322
2017-06-26,4.699731826782227,9.371773719787598,3.2066988945007324
2017-06-27,4.665798187255859,9.266507148742676,3.145447015762329
2017-06-28,4.707003116607666,9.344602584838867,3.17427134513855
2017-06-29,4.733664512634277,9.388745307922363,3.217508316040039
2017-06-30,4.786988735198975,9.558526992797852,3.2499353885650635
2017-07-03,4.8136491775512695,9.640484809875488,3.2499353885650635
2017-07-04,4.808802127838135,9.653815269470215,3.2463319301605225
2017-07-05,4.803954601287842,9.65723705291748,3.278761148452759
2017-07-06,4.726394176483154,9.516983032226562,3.2355234622955322
2017-07-07,4.680340766906738,9.52724552154541,3.231920003890991
2017-07-10,4.71912145614624,9.633296012878418,3.260744571685791
2017-07-11,4.774868488311768,9.800918579101562,3.307584524154663
2017-07-12,4.8815155029296875,10.060917854309082,3.3147895336151123
2017-07-13,4.95665168762207,10.149853706359863,3.3256001472473145
2017-07-14,4.976043701171875,10.160113334655762,3.318392038345337
2017-07-17,5.0099778175354,10.091695785522461,3.307584524154663
2017-07-18,4.985738754272461,10.218269348144531,3.3364076614379883
2017-07-19,4.997858047485352,10.091695785522461,3.307584524154663
2017-07-20,5.0366387367248535,10.057487487792969,3.321995496749878
2017-07-21,5.041485786437988,10.016436576843262,3.3147895336151123
2017-07-24,5.089963436126709,10.101958274841309,3.3147895336151123
2017-07-25,5.0536041259765625,10.266164779663086,3.343613624572754
2017-07-26,5.01967191696167,10.17721939086914,3.303981065750122
2017-07-27,5.022094249725342,10.163536071777344,3.329202651977539
2017-07-28,5.017248630523682,10.17721939086914,3.329202651977539
2017-07-31,4.9663496017456055,10.327743530273438,3.3328046798706055
2017-08-01,5.0657243728637695,10.454314231872559,3.4408955574035645
2017-08-02,5.109351634979248,10.597728729248047,3.4805288314819336
2017-08-03,5.12631893157959,10.594308853149414,3.4733219146728516
2017-08-04,5.104504108428955,10.60457706451416,3.462514877319336
2017-08-07,5.211151599884033,10.727806091308594,3.5381784439086914
2017-08-08,5.169947147369385,10.840767860412598,3.541780948638916
2017-08-09,5.155405044555664,10.84760856628418,3.527369737625122
2017-08-10,5.114200592041016,10.74492073059082,3.5021464824676514
2017-08-11,5.114200592041016,10.840767860412598,3.5201635360717773
2017-08-14,5.199032783508301,11.056419372558594,3.5706050395965576
2017-08-15,5.271746635437012,11.083803176879883,3.58840274810791
2017-08-16,5.228117942810059,11.083803176879883,3.5920329093933105
2017-08-17,5.1893391609191895,10.99138069152832,3.5629775524139404
2017-08-18,5.3056793212890625,11.21729564666748,3.61019229888916
2017-08-21,5.310526371002197,11.213873863220215,3.606562376022339
2017-08-22,5.475651264190674,11.467181205749512,3.6428821086883545
2017-08-23,5.5460710525512695,11.569873809814453,3.7191550731658936
2017-08-24,5.482936382293701,11.607527732849121,3.748209238052368
2017-08-25,5.422231197357178,11.617796897888184,3.7409448623657227
2017-08-28,5.424657821655273,11.439794540405273,3.7336814403533936
2017-08-29,5.4732232093811035,11.634908676147461,3.7627363204956055
2017-08-30,5.4295148849487305,11.51852798461914,3.7663707733154297
2017-08-31,5.37123966217041,11.494565963745117,3.7046260833740234
2017-09-01,5.47079610824585,11.734171867370605,3.775554656982422
2017-09-04,5.475651264190674,11.730406761169434,3.7610034942626953
2017-09-05,5.487794399261475,11.562580108642578,3.7828280925750732
2017-09-06,5.526644706726074,11.737255096435547,3.888310194015503
2017-09-07,5.526644706726074,11.737255096435547,3.888310194015503
2017-09-08,5.570352077484131,11.644774436950684,3.899221420288086
2017-09-11,5.57763671875,12.093448638916016,3.950145959854126
2017-09-12,5.56063985824585,12.076318740844727,3.9683332443237305
2017-09-13,5.56063985824585,12.127696990966797,3.979245185852051
2017-09-14,5.674767971038818,12.035221099853516,3.993793487548828
2017-09-15,5.7378997802734375,12.292097091674805,4.081090450286865
2017-09-18,5.774322509765625,12.398265838623047,4.106550693511963
2017-09-19,5.893306732177734,12.435940742492676,4.092000961303711
2017-09-20,6.0195746421813965,12.364017486572266,4.051990032196045
2017-09-21,6.065711498260498,12.36744213104248,4.055628776550293
2017-09-22,6.068140983581543,12.336617469787598,4.048353672027588
2017-09-25,5.905447959899902,12.127696990966797,4.004706382751465
2017-09-26,5.832601070404053,12.11400032043457,4.001070022583008
2017-09-27,5.742757320404053,11.987264633178711,3.942870616912842
2017-09-28,5.689337253570557,11.836577415466309,3.935596466064453
2017-09-29,5.815604209899902,12.004398345947266,4.0119805335998535
2017-10-02,5.810748100280762,12.124271392822266,3.9865198135375977
2017-10-03,5.941871166229248,12.644786834716797,4.14292573928833
2017-10-04,5.883594512939453,12.562546730041504,4.113827228546143
2017-10-05,5.803463459014893,12.57282543182373,4.139286041259766
2017-10-06,5.767038822174072,12.442606925964355,4.121100902557373
2017-10-09,5.7281880378723145,12.435754776000977,4.059264659881592
2017-10-10,5.808319091796875,12.720178604125977,4.14292573928833
2017-10-11,5.837456703186035,12.644786834716797,4.132014751434326
2017-10-12,5.837456703186035,12.644786834716797,4.132014751434326
2017-10-13,5.769468307495117,12.548835754394531,4.12837553024292
2017-10-16,5.788893222808838,12.514570236206055,4.110188961029053
2017-10-17,5.81317663192749,12.483734130859375,4.062903881072998
2017-10-18,5.9588704109191895,12.428903579711914,4.081090450286865
2017-10-19,5.937014579772949,12.377501487731934,4.055628776550293
2017-10-20,5.983150959014893,12.315816879272461,4.055628776550293
2017-10-23,5.920017719268799,12.199311256408691,3.9610579013824463
2017-10-24,5.949155807495117,12.363798141479492,4.048353672027588
2017-10-25,6.13127326965332,12.40148639678955,4.110188961029053
2017-10-26,6.060854434967041,12.288407325744629,4.066542148590088
2017-10-27,6.092421531677246,12.264419555664062,4.055628776550293
2017-10-30,5.898165225982666,12.0451078414917,3.942870616912842
2017-10-31,5.803463459014893,11.88404655456543,3.811927080154419
2017-11-01,5.798605918884277,11.513955116271973,3.7828280925750732
2017-11-02,5.798605918884277,11.513955116271973,3.7828280925750732
2017-11-03,5.667481899261475,11.630178451538086,3.819202423095703
2017-11-06,5.669910430908203,11.630178451538086,3.830113410949707
2017-11-07,5.487794399261475,11.229019165039062,3.7464547157287598
2017-11-08,5.638343334197998,11.63703441619873,3.8701226711273193
2017-11-09,5.543642044067383,11.215301513671875,3.808290719985962
2017-11-10,5.439228534698486,11.225593566894531,3.808290719985962
2017-11-13,5.512074947357178,11.280451774597168,3.808290719985962
2017-11-14,5.422231197357178,11.040438652038574,3.753730058670044
2017-11-15,5.422231197357178,11.040438652038574,3.753730058670044
2017-11-16,5.708761215209961,11.328452110290527,3.811927080154419
2017-11-17,5.75004243850708,11.527318000793457,3.855574369430542
2017-11-20,5.75004243850708,11.527318000793457,3.855574369430542
2017-11-21,5.8957366943359375,11.791329383850098,3.913771867752075
2017-11-22,5.9669928550720215,11.657601356506348,3.902860403060913
2017-11-23,5.962119102478027,11.57188892364502,3.899221420288086
2017-11-24,5.920699596405029,11.46903133392334,3.8628506660461426
2017-11-27,5.913387298583984,11.451886177062988,3.924682855606079
2017-11-28,5.910953998565674,11.48617172241211,3.9101340770721436
2017-11-29,5.725780010223389,11.266736030578613,3.8155646324157715
2017-11-30,5.662430286407471,11.194732666015625,3.775554656982422
2017-12-01,5.608827590942383,11.167304992675781,3.81015944480896
2017-12-04,5.582024097442627,11.359073638916016,3.8247296810150146
2017-12-05,5.5235490798950195,11.242424011230469,3.806516170501709
2017-12-06,5.46994686126709,11.359073638916016,3.861154079437256
2017-12-07,5.370048999786377,11.276732444763184,3.817443609237671
2017-12-08,5.294517993927002,11.307609558105469,3.832014322280884
2017-12-11,5.370048999786377,11.307609558105469,3.8502285480499268
2017-12-12,5.482129096984863,11.530610084533691,3.8902969360351562
2017-12-13,5.355430603027344,11.335053443908691,3.83565616607666
2017-12-14,5.3749237060546875,11.245857238769531,3.8247296810150146
2017-12-15,5.352993488311768,11.201252937316895,3.842942237854004
2017-12-18,5.367613792419434,11.290457725524902,3.8247296810150146
2017-12-19,5.335938930511475,11.218413352966309,3.7883031368255615
2017-12-20,5.357868194580078,11.321335792541504,3.846585750579834
2017-12-21,5.428525924682617,11.6541109085083,3.988645076751709
2017-12-22,5.495433807373047,11.688423156738281,3.992288827896118
2017-12-25,5.495433807373047,11.688423156738281,3.992288827896118
2017-12-26,5.512691020965576,11.713007926940918,4.010066509246826
2017-12-27,5.589117050170898,11.727069854736328,3.9989709854125977
2017-12-28,5.616237640380859,11.902883529663086,4.002668380737305
2017-12-29,5.616237640380859,11.902883529663086,4.002668380737305
2018-01-02,5.648288726806641,12.166611671447754,4.0803542137146
2018-01-03,5.744441986083984,12.222539901733398,4.128444194793701
2018-01-04,5.781422138214111,12.423091888427734,4.206132411956787
2018-01-05,5.865246295928955,12.49345588684082,4.213530540466309
2018-01-08,5.892366409301758,12.489934921264648,4.209831237792969
2018-01-09,5.808541774749756,12.373831748962402,4.143242835998535
2018-01-10,5.756768226623535,12.243657112121582,4.143242835998535
2018-01-11,5.850454807281494,12.489934921264648,4.209831237792969
2018-01-12,5.820868015289307,12.489934921264648,4.220927715301514
2018-01-15,5.8381266593933105,12.577890396118164,4.272718906402588
2018-01-16,5.877573490142822,12.662331581115723,4.328209400177002
2018-01-17,5.926881790161133,12.978974342346191,4.394797325134277
2018-01-18,5.995913982391357,12.9649076461792,4.416993618011475
2018-01-19,6.133978843688965,13.056379318237305,4.431789875030518
2018-01-22,6.101927280426025,13.235814094543457,4.542769432067871
2018-01-23,6.060014247894287,13.29563045501709,4.483581066131592
2018-01-24,6.378055095672607,14.00279712677002,4.775827407836914
2018-01-25,6.378055095672607,14.00279712677002,4.775827407836914
2018-01-26,6.496397018432617,14.495359420776367,4.97559118270874
2018-01-29,6.5062575340271,14.073169708251953,4.846116065979004
2018-01-30,6.459413528442383,14.213896751403809,4.875709533691406
2018-01-31,6.4298272132873535,14.337043762207031,4.901605606079102
2018-02-01,6.4766716957092285,13.957066535949707,4.886808395385742
2018-02-02,6.410104751586914,13.523748397827148,4.809122085571289
2018-02-05,6.141375541687012,13.305508613586426,4.661150932312012
2018-02-06,6.161098480224609,13.622309684753418,4.842415809631348
2018-02-07,6.082204818725586,13.418142318725586,4.7425336837768555
2018-02-08,6.030430793762207,13.252703666687012,4.698143005371094
2018-02-09,5.914555549621582,13.101351737976074,4.690744400024414
2018-02-14,6.02549934387207,13.580060958862305,4.842415809631348
2018-02-15,6.1906843185424805,13.636377334594727,4.842415809631348
2018-02-16,6.296697616577148,13.611741065979004,4.957093715667725
2018-02-19,6.286833763122559,13.544862747192383,4.945997714996338
2018-02-20,6.3731255531311035,13.95670223236084,5.145761489868164
2018-02-21,6.572821617126465,14.030618667602539,5.234546184539795
2018-02-22,6.4865336418151855,14.115097999572754,5.319629192352295
2018-02-23,6.65911340713501,14.245342254638672,5.288298606872559
2018-02-26,6.7084221839904785,14.245342254638672,5.296058177947998
2018-02-27,6.5333781242370605,14.090465545654297,5.226219177246094
2018-02-28,6.3164191246032715,13.646942138671875,5.090425491333008
2018-03-01,6.309022426605225,13.724383354187012,5.177820682525635
2018-03-02,6.380520343780518,13.812067985534668,5.220548629760742
2018-03-05,6.459413528442383,13.903633117675781,5.360384941101074
2018-03-06,6.471740245819092,13.928277015686035,5.337080001831055
2018-03-07,6.447086811065674,13.681760787963867,5.3215413093566895
2018-03-08,6.432293891906738,13.502155303955078,5.286583423614502
2018-03-09,6.656649589538574,13.790940284729004,5.333195209503174
2018-03-12,6.649251937866211,13.900110244750977,5.383692741394043
2018-03-13,6.634459972381592,13.699368476867676,5.348733425140381
2018-03-14,6.518584251403809,13.625417709350586,5.294353008270264
2018-03-15,6.410104751586914,13.42819595336914,5.271044731140137
2018-03-16,6.348470211029053,13.463421821594238,5.220548629760742
2018-03-19,6.301629066467285,13.326069831848145,5.1661696434021
2018-03-20,6.42489767074585,13.31197738647461,5.1661696434021
2018-03-21,6.464344501495361,13.378900527954102,5.17393684387207
2018-03-22,6.405176162719727,13.459896087646484,5.154514789581299
2018-03-23,6.2695770263671875,13.55146312713623,5.170053005218506
2018-03-26,6.326281547546387,13.628937721252441,5.255509853363037
2018-03-27,6.309022426605225,13.463421821594238,5.2011284828186035
2018-03-28,6.434759616851807,13.55146312713623,5.263277053833008
2018-03-29,6.580220699310303,13.910672187805176,5.356500625610352
2018-04-02,6.530911922454834,13.783188819885254,5.325427532196045
2018-04-03,6.521048545837402,13.93782901763916,5.298237323760986
2018-04-04,6.452019214630127,13.817667007446289,5.302119731903076
2018-04-05,6.599944591522217,13.860315322875977,5.286583423614502
2018-04-06,6.609803676605225,13.817667007446289,5.243854999542236
2018-04-09,6.459413528442383,13.29442024230957,5.138979434967041
2018-04-10,6.479136943817139,13.406828880310059,5.162282466888428
2018-04-11,6.545703411102295,13.720781326293945,5.15839958190918
2018-04-12,6.6295294761657715,13.472710609436035,5.23997163772583
2018-04-13,6.51365327835083,13.178144454956055,5.12732458114624
2018-04-16,6.257248401641846,12.891325950622559,5.034100532531738
2018-04-17,6.3287458419799805,13.054108619689941,5.12732458114624
2018-04-18,6.471740245819092,13.492097854614258,5.2283172607421875
2018-04-19,6.42489767074585,13.468833923339844,5.146747589111328
2018-04-20,6.336143493652344,13.278922080993652,5.104017734527588
2018-04-23,6.346003532409668,13.275046348571777,5.123440265655518
2018-04-24,6.261347770690918,13.298299789428711,5.111789226531982
2018-04-25,6.20195198059082,13.461089134216309,5.1428632736206055
2018-04-26,6.352916240692139,13.461089134216309,5.309889793395996
2018-04-27,6.392514705657959,13.608372688293457,5.317655563354492
2018-04-30,6.261347770690918,13.399070739746094,5.286583423614502
2018-05-02,6.090584754943848,13.054108619689941,4.97195291519165
2018-05-03,5.979215621948242,12.786123275756836,4.835999488830566
2018-05-04,5.949517250061035,12.797765731811523,4.758313179016113
2018-05-07,5.934668064117432,12.68142318725586,4.766079425811768
2018-05-08,5.912396430969238,12.61548900604248,4.777734756469727
2018-05-09,5.954466342926025,12.716320991516113,4.7893877029418945
2018-05-10,6.107907295227051,12.972282409667969,4.948647975921631
2018-05-11,5.84062385559082,12.739591598510742,4.87095832824707
2018-05-14,5.763904094696045,12.557320594787598,4.801039695739746
2018-05-15,5.642637729644775,12.483636856079102,4.7350077629089355
2018-05-16,5.711932182312012,12.685298919677734,4.781618118286133
2018-05-17,5.471873760223389,12.157880783081055,4.571865081787109
2018-05-18,5.51394510269165,12.212167739868164,4.505832672119141
2018-05-21,5.481773376464844,12.037654876708984,4.478641986846924
2018-05-22,5.778753280639648,12.382803916931152,4.67285680770874
2018-05-23,5.469398021697998,12.057038307189941,4.564096450805664
2018-05-24,5.345656394958496,12.076434135437012,4.637897968292236
2018-05-25,5.202116012573242,11.835989952087402,4.571865081787109
2018-05-28,5.080846786499023,11.335716247558594,4.381532192230225
2018-05-29,5.130345821380615,11.382256507873535,4.350457668304443
2018-05-30,5.387729644775391,11.312443733215332,4.362110614776611
2018-06-01,5.5065202713012695,11.587794303894043,4.4288249015808105
2018-06-04,5.647586822509766,11.707694053649902,4.570034503936768
2018-06-05,5.474348068237305,11.14500904083252,4.343245029449463
2018-06-06,5.298634052276611,10.958739280700684,4.283337116241455
2018-06-07,4.949680328369141,10.764715194702148,4.022314548492432
2018-06-08,5.157567501068115,10.671581268310547,4.030872344970703
2018-06-11,5.053624153137207,10.469789505004883,3.9367330074310303
2018-06-12,5.197166919708252,10.442623138427734,3.9324545860290527
2018-06-13,5.11549711227417,10.229195594787598,3.9025025367736816
2018-06-14,4.986805438995361,9.813970565795898,3.774129629135132
2018-06-15,4.897710800170898,9.988597869873047,3.81264066696167
2018-06-18,4.7541680335998535,9.666513442993164,3.684269666671753
2018-06-19,4.932358741760254,10.167107582092285,3.8468730449676514
2018-06-20,4.895235538482666,10.384414672851562,3.9281744956970215
2018-06-21,4.843264579772949,9.953675270080566,3.81264066696167
2018-06-22,4.942257881164551,10.143826484680176,3.842595100402832
2018-06-25,5.120445728302002,10.128299713134766,3.8254787921905518
2018-06-26,5.108069896697998,10.073966026306152,3.8896632194519043
2018-06-27,4.999178409576416,9.910987854003906,3.774129629135132
2018-06-28,5.134586811065674,10.248600006103516,3.8682668209075928
2018-06-29,5.11707067489624,10.438738822937012,3.9281744956970215
2018-07-02,5.16461181640625,10.302927017211914,3.9709672927856445
2018-07-03,5.227169036865234,10.780177116394043,4.103616714477539
2018-07-04,5.289725303649902,10.93162727355957,4.14212703704834
2018-07-05,5.257195472717285,10.908331871032715,4.150686740875244
2018-07-06,5.442363262176514,10.939393997192383,4.159243583679199
2018-07-10,5.597498416900635,10.795708656311035,4.167801856994629
2018-07-11,5.600003242492676,10.752996444702148,4.180639743804932
2018-07-12,5.770155429840088,11.067543029785156,4.240548133850098
2018-07-13,5.960324764251709,11.288896560668945,4.334686756134033
2018-07-16,5.880252838134766,11.339376449584961,4.360360622406006
2018-07-17,5.990352630615234,11.665589332580566,4.4459428787231445
2018-07-18,5.8101911544799805,11.378214836120605,4.44166374206543
2018-07-19,5.780163764953613,11.52189826965332,4.505848407745361
2018-07-20,5.817698001861572,11.921881675720215,4.651335716247559
2018-07-23,5.752639293670654,11.785969734191895,4.535802364349365
2018-07-24,5.8151936531066895,11.960714340209961,4.544360637664795
2018-07-25,5.950315475463867,12.178186416625977,4.689849376678467
2018-07-26,5.892763614654541,11.867517471313477,4.608544826507568
2018-07-27,5.917786598205566,11.999549865722656,4.595707416534424
2018-07-30,5.942808151245117,12.088865280151367,4.642778396606445
2018-07-31,5.952818393707275,11.855868339538574,4.4587788581848145
2018-08-01,5.92279052734375,12.011198997497559,4.5571980476379395
2018-08-02,6.030386447906494,12.01468563079834,4.582870960235596
2018-08-03,6.243074417114258,12.47320556640625,4.71980094909668
2018-08-06,6.185526371002197,12.387718200683594,4.651335716247559
2018-08-07,6.005364894866943,12.201203346252441,4.642778396606445
2018-08-08,5.862736225128174,11.909775733947754,4.544360637664795
2018-08-09,5.8201985359191895,11.785429000854492,4.454498767852783
2018-08-10,5.70009183883667,11.198690414428711,4.283337116241455
2018-08-13,5.730119228363037,11.416289329528809,4.261941432952881
2018-08-14,5.837714195251465,11.610570907592773,4.364640235900879
2018-08-15,5.802683353424072,11.470687866210938,4.356081485748291
2018-08-16,5.8101911544799805,11.470687866210938,4.313291549682617
2018-08-17,5.6425395011901855,11.120969772338867,4.257664680480957
2018-08-20,5.6525492668151855,11.190913200378418,4.248396873474121
2018-08-21,5.554963111877441,10.91891098022461,4.152242183685303
2018-08-22,5.612512111663818,11.187026023864746,4.244027137756348
2018-08-23,5.2872233390808105,10.90725326538086,4.13038444519043
2018-08-24,5.284721374511719,11.00439739227295,4.1478681564331055
2018-08-27,5.442363262176514,11.299715042114258,4.265879154205322
2018-08-28,5.42985200881958,11.229771614074707,4.195945739746094
2018-08-29,5.5674729347229,11.36577033996582,4.313958644866943
2018-08-30,5.422343730926514,10.880053520202637,4.121645927429199
2018-08-31,5.4448652267456055,11.027718544006348,4.191576957702637
2018-09-03,5.33476448059082,10.930563926696777,4.145611763000488
2018-09-04,5.232173442840576,10.685199737548828,4.097459316253662
2018-09-05,5.459877014160156,10.751304626464844,4.097459316253662
2018-09-06,5.464881896972656,11.058483123779297,4.246296405792236
2018-09-10,5.474891185760498,11.1012544631958,4.241919994354248
2018-09-11,5.269707679748535,10.76685905456543,4.066814422607422
2018-09-12,5.3047380447387695,10.770743370056152,4.093081951141357
2018-09-13,5.3047380447387695,10.727974891662598,4.119346618652344
2018-09-14,5.412335395812988,10.774633407592773,4.215654373168945
2018-09-17,5.534943580627441,11.081814765930176,4.281319618225098
2018-09-18,5.554963111877441,11.171249389648438,4.33822774887085
2018-09-19,5.589993476867676,11.221790313720703,4.333848476409912
2018-09-20,5.6725664138793945,11.198467254638672,4.2725629806518555
2018-09-21,5.780163764953613,11.377331733703613,4.320719242095947
2018-09-24,5.7438859939575195,11.074037551879883,4.198143482208252
2018-09-25,5.668242454528809,11.081814765930176,4.233163833618164
2018-09-26,5.698500633239746,11.109031677246094,4.2725629806518555
2018-09-27,5.892653465270996,11.361781120300293,4.3995137214660645
2018-09-28,5.9002180099487305,11.147917747497559,4.421403884887695
2018-10-01,5.786752223968506,11.02348804473877,4.373249053955078
2018-10-02,6.026289939880371,11.67287826538086,4.552730560302734
2018-10-03,6.1195831298828125,12.17869758605957,4.701571464538574
2018-10-04,6.170013427734375,12.237062454223633,4.666547775268555
2018-10-05,6.114541053771973,12.054190635681152,4.609640121459961
2018-10-08,6.228004455566406,12.871304512023926,4.889806747436523
2018-10-09,6.328866481781006,12.917993545532227,4.850409507751465
2018-10-10,6.25322151184082,12.497767448425293,4.732213497161865
2018-10-11,6.0061187744140625,12.423834800720215,4.705947399139404
2018-10-15,6.079240798950195,12.489981651306152,4.7365899085998535
2018-10-16,6.303650379180908,13.085302352905273,4.933585166931152
2018-10-17,6.379292964935303,13.100859642028809,4.889806747436523
2018-10-18,6.1195831298828125,12.739006996154785,4.740969657897949
2018-10-19,6.064112663269043,12.781803131103516,4.732213497161865
2018-10-22,6.202792167663574,12.937446594238281,4.806633472442627
2018-10-23,6.303650379180908,12.984134674072266,4.797879695892334
2018-10-24,6.1952290534973145,12.67286205291748,4.684058666229248
2018-10-25,6.177577018737793,13.038609504699707,4.7365899085998535
2018-10-26,6.3994646072387695,13.264286994934082,4.83289909362793
2018-10-29,6.328866481781006,13.015256881713867,4.767234802246094
2018-10-30,6.6566548347473145,13.521080017089844,4.951093673706055
2018-10-31,6.691954612731934,13.34599781036377,4.920452117919922
2018-11-01,6.918885707855225,14.108625411987305,4.990494251251221
2018-11-05,6.870977878570557,14.411873817443848,5.034270763397217
2018-11-06,6.772642612457275,14.256157875061035,5.056157112121582
2018-11-07,6.54318904876709,13.979747772216797,5.0780463218688965
2018-11-08,6.442330360412598,13.687782287597656,4.946718215942383
2018-11-09,6.477631568908691,13.890213966369629,5.056157112121582
2018-11-12,6.528059959411621,13.878539085388184,5.008005619049072
2018-11-13,6.4927592277526855,13.62939167022705,4.972982883453369
2018-11-14,6.555794715881348,13.820149421691895,5.056157112121582
2018-11-16,6.881065845489502,14.489741325378418,5.248773574829102
2018-11-19,6.621355056762695,14.427451133728027,5.2837958335876465
2018-11-21,6.719692230224609,14.26783275604248,5.1874871253967285
2018-11-22,6.704563617706299,14.326229095458984,5.183108806610107
2018-11-23,6.6566548347473145,14.295085906982422,5.191864013671875
2018-11-26,6.654134273529053,14.088756561279297,5.095556259155273
2018-11-27,7.075218677520752,14.664923667907715,5.292551517486572
2018-11-28,7.1105170249938965,14.964681625366211,5.41512393951416
2018-11-29,7.22398567199707,15.151549339294434,5.467655181884766
2018-11-30,7.1105170249938965,14.972472190856934,5.4019904136657715
2018-12-03,7.097909927368164,14.715534210205078,5.362528324127197
2018-12-04,7.034873962402344,14.676179885864258,5.283603668212891
2018-12-05,7.113039016723633,14.6683931350708,5.283603668212891
2018-12-06,7.208858489990234,14.828083992004395,5.419528961181641
2018-12-07,7.18616247177124,14.757973670959473,5.314295768737793
2018-12-10,6.93653678894043,14.473647117614746,5.152061462402344
2018-12-11,6.956709384918213,14.641124725341797,5.169600486755371
2018-12-12,7.097909927368164,14.73850154876709,5.222216606140137
2018-12-13,6.9844441413879395,15.127999305725098,5.305527687072754
2018-12-14,6.896193504333496,14.956618309020996,5.340604782104492
2018-12-17,6.757513523101807,14.664491653442383,5.195908069610596
2018-12-18,6.719692230224609,14.937150001525879,5.221402168273926
2018-12-19,6.5961408615112305,14.722932815551758,5.217013835906982
2018-12-20,6.581010818481445,14.800825119018555,5.212625026702881
2018-12-21,6.7423834800720215,14.68786907196045,5.155585765838623
2018-12-26,6.619630336761475,14.53701400756836,5.089771270751953
2018-12-27,6.647582530975342,14.874621391296387,5.177524566650391
2018-12-28,6.812755107879639,15.351247787475586,5.300380229949951
2019-01-02,7.061787128448486,16.042356491088867,5.550479888916016
2019-01-03,7.369263648986816,16.204870223999023,5.598745346069336
2019-01-04,7.102442741394043,16.07770347595215,5.5811944007873535
2019-01-07,7.064327716827393,16.268449783325195,5.576808452606201
2019-01-08,7.084653854370117,16.367794036865234,5.6513991355896
2019-01-09,7.11768913269043,16.649927139282227,5.725988864898682
2019-01-10,7.1837568283081055,16.598268508911133,5.686501502990723
2019-01-11,7.3362274169921875,16.4909725189209,5.616297721862793
2019-01-14,7.49885892868042,16.685688018798828,5.699662208557129
2019-01-15,7.425166130065918,16.653902053833008,5.664562225341797
2019-01-16,7.585257530212402,16.733367919921875,5.668951511383057
2019-01-17,7.623373031616211,16.78900146484375,5.677723407745361
2019-01-18,7.7250213623046875,16.95987319946289,5.673337459564209
2019-01-21,7.750428676605225,16.765167236328125,5.6513991355896
2019-01-22,7.564929485321045,16.68966293334961,5.625073432922363
2019-01-23,7.806333065032959,16.97577476501465,5.699662208557129
2019-01-24,8.042659759521484,17.14663314819336,5.791805267333984
2019-01-28,8.190047264099121,17.285720825195312,5.919049263000488
2019-01-29,8.01724910736084,17.063186645507812,5.822521209716797
2019-01-30,7.996919631958008,17.023452758789062,5.888338088989258
2019-01-31,7.996919631958008,17.985092163085938,5.92343807220459
2019-02-01,8.116349220275879,17.76256561279297,5.940988540649414
2019-02-04,8.200209617614746,18.155729293823242,6.055070877075195
2019-02-05,8.380627632141113,18.16366958618164,5.866396427154541
2019-02-06,8.182421684265137,17.308963775634766,5.616297721862793
2019-02-07,7.877487659454346,17.57133674621582,5.625073432922363
2019-02-08,7.961343288421631,17.758180618286133,5.804969787597656
2019-02-11,7.821582317352295,17.654823303222656,5.765479564666748
2019-02-12,7.90797758102417,18.008634567260742,5.862010478973389
2019-02-13,7.887650966644287,17.73035430908203,5.734766960144043
2019-02-14,8.223079681396484,18.40618324279785,5.879560947418213
2019-02-15,8.212912559509277,18.286909103393555,5.804969787597656
2019-02-18,8.123973846435547,17.869495391845703,5.686501502990723
2019-02-19,8.334888458251953,18.020566940307617,5.804969787597656
2019-02-20,8.271364212036133,17.72240447998047,5.791805267333984
2019-02-21,8.220539093017578,17.877450942993164,5.949763774871826
2019-02-22,8.433991432189941,17.73035430908203,5.998263835906982
2019-02-25,8.500061988830566,17.551456451416016,5.956414699554443
2019-02-26,8.601705551147461,17.865524291992188,5.961065292358398
2019-02-27,8.46956729888916,17.666749954223633,5.8773674964904785
2019-02-28,8.332348823547363,17.20162582397461,5.7518205642700195
2019-03-01,8.101106643676758,16.9153995513916,5.709904670715332
2019-03-06,8.03249454498291,16.78772735595703,5.626073837280273
2019-03-07,7.900357723236084,16.907033920288086,5.723877429962158
2019-03-08,8.03249454498291,17.141695022583008,5.826338768005371
2019-03-11,8.360301971435547,17.83770179748535,5.989346981048584
2019-03-12,8.398418426513672,17.8893985748291,6.007977485656738
2019-03-13,8.456862449645996,18.0604190826416,6.0452351570129395
2019-03-14,8.431452751159668,18.10019302368164,5.9474287033081055
2019-03-15,8.606788635253906,18.17575454711914,5.961402416229248
2019-03-18,8.731302261352539,18.271215438842773,6.0033183097839355
2019-03-19,8.8126220703125,17.87747573852539,5.910170078277588
2019-03-20,8.6525297164917,17.392253875732422,5.807708263397217
2019-03-21,8.505146026611328,17.01044464111328,5.7192182540893555
2019-03-22,8.271364212036133,16.409883499145508,5.556211948394775
2019-03-25,8.253572463989258,16.445676803588867,5.570185661315918
2019-03-26,8.461941719055176,16.55306625366211,5.602787017822266
2019-03-27,7.992406845092773,15.980347633361816,5.323346138000488
2019-03-28,8.196881294250488,16.79170036315918,5.612101078033447
2019-03-29,8.209663391113281,17.07805633544922,5.579498291015625
2019-04-01,8.327237129211426,17.214872360229492,5.579498291015625
2019-04-02,8.347685813903809,16.994722366333008,5.528269290924072
2019-04-03,8.0665283203125,16.803707122802734,5.472382068634033
2019-04-04,8.368130683898926,17.238256454467773,5.495668411254883
2019-04-05,8.409025192260742,17.381500244140625,5.621414661407471
2019-04-08,8.434585571289062,17.40538215637207,5.616757392883301
2019-04-09,8.184102058410645,17.33852767944336,5.532926082611084
2019-04-10,8.214774131774902,17.090229034423828,5.504982948303223
2019-04-11,8.030745506286621,16.818038940429688,5.435121536254883
2019-04-12,7.841606616973877,16.665241241455078,5.3792338371276855
2019-04-15,7.9617390632629395,16.627044677734375,5.369917869567871
2019-04-16,8.038414001464844,16.598390579223633,5.416491985321045
2019-04-17,7.94895601272583,16.36918067932129,5.341975688934326
2019-04-18,8.16620922088623,16.59360694885254,5.397862434387207
2019-04-22,8.16620922088623,16.732086181640625,5.3792338371276855
2019-04-23,8.39368724822998,17.137981414794922,5.518953323364258
2019-04-24,8.562383651733398,17.02338409423828,5.518953323364258
2019-04-25,8.886985778808594,17.223936080932617,5.607442855834961
2019-04-26,8.72084903717041,17.17140769958496,5.598127841949463
2019-04-29,8.7924165725708,16.946969985961914,5.495668411254883
2019-04-30,8.805192947387695,16.98995590209961,5.546898365020752
2019-05-02,8.664615631103516,16.999496459960938,5.565526962280273
2019-05-03,8.708070755004883,17.180559158325195,5.481694221496582
2019-05-06,8.61349868774414,16.71712875366211,5.328004360198975
2019-05-07,8.60327434539795,16.61200714111328,5.328004360198975
2019-05-08,8.779637336730957,16.956012725830078,5.374577522277832
2019-05-09,8.664615631103516,16.659793853759766,5.35128927230835
2019-05-10,8.511260986328125,16.511688232421875,5.332659721374512
2019-05-13,8.265891075134277,16.100807189941406,5.239512920379639
2019-05-14,8.33234691619873,16.053030014038086,5.248827934265137
2019-05-15,8.306787490844727,15.881032943725586,5.239512920379639
2019-05-16,8.153430938720703,15.694698333740234,5.160340309143066
2019-05-17,8.102313041687012,15.814139366149902,5.160340309143066
2019-05-20,8.360461235046387,16.244129180908203,5.328004360198975
2019-05-21,8.771967887878418,16.91301727294922,5.4910101890563965
2019-05-22,8.685063362121582,16.61200714111328,5.458408832550049
2019-05-23,8.777077674865723,16.53080177307129,5.4397783279418945
2019-05-24,8.74129581451416,16.368356704711914,5.3792338371276855
2019-05-27,8.8716459274292,16.602468490600586,5.393205642700195
2019-05-28,9.13491153717041,17.061119079589844,5.528269290924072
2019-05-29,9.229476928710938,17.400339126586914,5.663331985473633
2019-05-30,9.380277633666992,17.72043800354004,5.742506980895996
2019-05-31,9.347054481506348,17.677448272705078,5.770451068878174
2019-06-03,9.329160690307617,17.620107650756836,5.793776512145996
2019-06-04,9.29082202911377,17.71044158935547,5.807769298553467
2019-06-05,9.18091869354248,17.437969207763672,5.667822360992432
2019-06-06,9.533637046813965,17.82038116455078,5.733132839202881
2019-06-07,9.479961395263672,17.825170516967773,5.7844462394714355
2019-06-10,9.520855903625488,17.61483383178711,5.6958136558532715
2019-06-11,9.71766185760498,17.69610595703125,5.709809303283691
2019-06-12,9.620535850524902,17.490558624267578,5.681819438934326
2019-06-13,9.651208877563477,17.29935073852539,5.607180595397949
2019-06-14,9.13746166229248,17.270668029785156,5.5885186195373535
2019-06-17,9.073568344116211,17.227645874023438,5.583856582641602
2019-06-18,9.740667343139648,17.375835418701172,5.691147804260254
2019-06-19,9.556640625,17.59092903137207,5.775115013122559
2019-06-21,10.159841537475586,17.987693786621094,5.877742290496826
2019-06-24,10.147061347961426,18.131105422973633,5.901066303253174
2019-06-25,9.625649452209473,17.978126525878906,5.868414878845215
2019-06-26,9.479341506958008,18.202800750732422,6.0550079345703125
2019-06-27,9.656597137451172,18.116758346557617,6.036347389221191
2019-06-28,9.623200416564941,18.040267944335938,6.013023376464844
2019-07-01,9.800459861755371,18.07860565185547,6.027019500732422
2019-07-02,9.646323204040527,18.135793685913086,5.961710453033447
2019-07-03,9.864680290222168,18.457836151123047,6.050343036651611
2019-07-04,10.208915710449219,18.77989387512207,6.134308815002441
2019-07-05,10.405488967895508,18.943317413330078,6.1902899742126465
2019-07-08,10.37973403930664,18.856800079345703,6.194952487945557
2019-07-10,10.843343734741211,18.770280838012695,6.222945213317871
2019-07-11,10.601236343383789,18.611663818359375,6.157634258270264
2019-07-12,10.225196838378906,18.265573501586914,6.064340114593506
2019-07-15,10.23549747467041,18.188671112060547,6.041013717651367
2019-07-16,10.560025215148926,18.193470001220703,6.013023376464844
2019-07-17,10.634720802307129,18.097347259521484,6.031684398651123
2019-07-18,10.567749977111816,18.491485595703125,6.162301063537598
2019-07-19,10.400337219238281,18.07329750061035,6.087662696838379
2019-07-22,10.650172233581543,18.3232479095459,6.180959701538086
2019-07-23,10.495634078979492,18.385740280151367,6.213613033294678
2019-07-24,10.954096794128418,18.731821060180664,6.204285621643066
2019-07-25,10.791831970214844,17.640708923339844,6.017690181732178
2019-07-26,10.853645324707031,17.414772033691406,6.069005489349365
2019-07-29,10.977272987365723,17.376333236694336,6.0596723556518555
2019-07-30,11.10863208770752,17.015825271606445,5.961710453033447
2019-07-31,10.866520881652832,16.583215713500977,5.817098617553711
2019-08-01,11.036513328552246,16.43902587890625,5.854421138763428
2019-08-02,11.106058120727539,16.48661231994629,5.812436103820801
2019-08-05,10.681081771850586,16.188438415527344,5.719137191772461
2019-08-06,11.023639678955078,16.433717727661133,5.905732154846191
2019-08-07,11.188474655151367,16.779987335205078,6.0596723556518555
2019-08-08,11.675270080566406,16.86175537109375,6.120314598083496
2019-08-09,11.7190523147583,16.582813262939453,6.0923285484313965
2019-08-12,11.394525527954102,16.236534118652344,5.877742290496826
2019-08-13,11.811774253845215,16.400047302246094,6.027019500732422
2019-08-14,11.255441665649414,16.07781219482422,5.947716236114502
2019-08-15,11.165294647216797,15.96720027923584,5.97104024887085
2019-08-16,11.461491584777832,16.000858306884766,5.995242595672607
2019-08-19,11.7190523147583,15.770018577575684,5.889810085296631
2019-08-20,11.786020278930664,15.61611270904541,5.798754692077637
2019-08-21,11.801470756530762,15.923913955688477,5.870641231536865
2019-08-22,11.711324691772461,15.717111587524414,5.7747931480407715
2019-08-23,11.288925170898438,15.375640869140625,5.693322658538818
2019-08-26,10.894855499267578,15.216936111450195,5.669361114501953
2019-08-27,11.075148582458496,15.409313201904297,5.760416507720947
2019-08-28,11.23741340637207,15.317939758300781,5.8466796875
2019-08-29,11.407402992248535,15.606500625610352,5.875432014465332
2019-08-30,11.538761138916016,15.84696102142334,5.889810085296631
2019-09-02,11.317255020141602,15.683446884155273,5.827404975891113
2019-09-03,11.268320083618164,15.42790412902832,5.736205101013184
2019-09-04,11.494975090026855,15.620393753051758,5.827404975891113
2019-09-05,11.6675443649292,15.981308937072754,6.0386152267456055
2019-09-06,11.822078704833984,16.650203704833984,6.216221332550049
2019-09-09,11.286349296569824,16.861948013305664,6.293022632598877
2019-09-10,11.306955337524414,16.56359100341797,6.230620384216309
2019-09-11,11.469218254089355,16.491403579711914,6.211421966552734
2019-09-12,11.456339836120605,16.3133487701416,6.293022632598877
2019-09-13,11.075148582458496,16.101619720458984,6.317024230957031
2019-09-16,11.093177795410156,15.889874458312988,6.297823429107666
2019-09-17,11.363617897033691,16.3133487701416,6.326625823974609
2019-09-18,11.569665908813477,16.361473083496094,6.33622407913208
2019-09-19,11.482095718383789,16.164169311523438,6.278622150421143
2019-09-20,11.672691345214844,16.44808578491211,6.35542631149292
2019-09-23,11.554210662841797,16.48176383972168,6.2882256507873535
2019-09-24,11.409979820251465,16.270038604736328,6.269022464752197
2019-09-25,11.417142868041992,16.37590980529785,6.3074235916137695
2019-09-26,11.614303588867188,16.611705780029297,6.44182825088501
2019-09-27,11.513128280639648,16.602081298828125,6.42742919921875
2019-09-30,11.318561553955078,16.322982788085938,6.326625823974609
2019-10-01,11.354881286621094,16.101619720458984,6.216221332550049
2019-10-02,11.181065559387207,15.479989051818848,6.072216033935547
2019-10-03,11.31078052520752,15.523322105407715,6.000214099884033
2019-10-04,11.557229995727539,15.68222427368164,6.005014419555664
2019-10-07,11.155126571655273,15.581108093261719,5.846608638763428
2019-10-08,11.232954025268555,15.566670417785645,5.827404975891113
2019-10-09,11.388607025146484,16.009632110595703,5.918612957000732
2019-10-10,11.430113792419434,16.192602157592773,5.966613292694092
2019-10-11,11.686941146850586,16.37557029724121,6.096217155456543
2019-10-14,11.715476989746094,16.6066837310791,6.197018623352051
2019-10-15,11.546853065490723,16.741504669189453,6.206620693206787
2019-10-16,11.72585678100586,17.141143798828125,6.321827411651611
2019-10-17,11.972306251525879,16.852256774902344,6.312223434448242
2019-10-18,12.047534942626953,16.769615173339844,6.273825168609619
2019-10-21,12.164278030395508,16.88873291015625,6.365026473999023
2019-10-22,12.330306053161621,17.370140075683594,6.509033679962158
2019-10-23,12.514495849609375,17.51902198791504,6.557034492492676
2019-10-24,12.613077163696289,17.499176025390625,6.5522356033325195
2019-10-25,12.55859661102295,17.72746467590332,6.619436264038086
2019-10-28,12.646801948547363,18.3676815032959,6.677038192749023
2019-10-29,12.426291465759277,18.11456871032715,6.614634037017822
2019-10-30,12.581945419311523,18.198936462402344,6.696239948272705
2019-10-31,12.550812721252441,17.45450782775879,6.5810370445251465
2019-11-01,12.763541221618652,17.305620193481445,6.605033874511719
2019-11-04,12.781700134277344,17.324966430664062,6.672237873077393
2019-11-05,12.789483070373535,17.558351516723633,6.75383996963501
2019-11-06,12.685713768005371,17.46401023864746,6.701039791107178
2019-11-07,12.815423011779785,17.508703231811523,6.691439151763916
2019-11-08,12.633831024169922,17.002208709716797,6.605033874511719
2019-11-11,12.997017860412598,16.962486267089844,6.667435646057129
2019-11-12,12.763541221618652,16.803577423095703,6.590635776519775
2019-11-13,12.849148750305176,16.62978172302246,6.48022985458374
2019-11-14,12.919193267822266,16.56026268005371,6.54263162612915
2019-11-18,12.722034454345703,16.451032638549805,6.528233051300049
2019-11-19,12.436668395996094,16.421228408813477,6.44182825088501
2019-11-21,12.680523872375488,16.515581130981445,6.485030174255371
2019-11-22,12.838773727416992,16.788677215576172,6.5810370445251465
2019-11-25,12.392566680908203,16.704269409179688,6.422628879547119
2019-11-26,12.063102722167969,16.346742630004883,6.269022464752197
2019-11-27,12.309553146362305,16.619855880737305,6.345824718475342
2019-11-28,12.491147994995117,16.490741729736328,6.360225200653076
2019-11-29,12.379595756530762,16.57019805908203,6.369826793670654
2019-12-02,12.348464012145996,16.679441452026367,6.422708988189697
2019-12-03,12.4807710647583,16.73855209350586,6.408287525177002
2019-12-04,12.810235023498535,17.170808792114258,6.562124252319336
2019-12-05,12.776512145996094,17.240360260009766,6.533277988433838
2019-12-06,12.737598419189453,17.04659080505371,6.470783233642578
2019-12-09,12.36143684387207,17.19068717956543,6.576548099517822
2019-12-10,12.138334274291992,17.131059646606445,6.5669331550598145
2019-12-11,11.98527717590332,17.03169059753418,6.547700881958008
2019-12-12,12.112390518188477,17.260236740112305,6.538087844848633
2019-12-13,12.037158012390137,17.29004669189453,6.589046478271484
2019-12-16,11.990463256835938,16.98697280883789,6.526521682739258
2019-12-17,12.39775562286377,17.299985885620117,6.651566982269287
2019-12-18,12.59751033782959,17.781923294067383,6.71890115737915
2019-12-19,12.59751033782959,18.109834671020508,6.723710060119629
2019-12-20,12.737598419189453,18.005760192871094,6.661186695098877
2019-12-23,12.159089088439941,18.116750717163086,6.709280967712402
2019-12-26,12.102015495300293,18.343782424926758,6.824711799621582
2019-12-27,11.469025611877441,18.273143768310547,6.7958526611328125
2019-12-30,11.147343635559082,18.2479248046875,6.776618480682373
2020-01-02,11.799673080444336,18.9239559173584,6.901662349700928
2020-01-03,11.459626197814941,18.933534622192383,6.800660610198975
2020-01-06,11.349761962890625,18.59535026550293,6.786234378814697
2020-01-07,11.71596908569336,18.27230453491211,6.694854259490967
2020-01-08,11.684579849243164,17.989641189575195,6.59385347366333
2020-01-09,11.67934799194336,17.701923370361328,6.4639973640441895
2020-01-10,11.587798118591309,17.37887191772461,6.420711994171143
2020-01-13,11.600875854492188,17.565635681152344,6.50728178024292
2020-01-14,11.67934799194336,17.545448303222656,6.5794243812561035
2020-01-15,11.365457534790039,17.237552642822266,6.473615646362305
2020-01-16,11.496243476867676,17.484874725341797,6.488041877746582
2020-01-17,11.859834671020508,17.89373016357422,6.540949821472168
2020-01-20,11.90168571472168,17.545448303222656,6.4495697021484375
2020-01-21,11.692426681518555,16.95992088317871,6.300473690032959
2020-01-22,12.42483901977539,17.020498275756836,6.391857147216797
2020-01-23,12.738727569580078,17.4697322845459,6.516901016235352
2020-01-24,12.81458568572998,17.338504791259766,6.420711994171143
2020-01-27,12.46407413482666,16.93974494934082,6.2812347412109375
2020-01-28,12.838126182556152,16.95992088317871,6.305282115936279
2020-01-29,12.712574005126953,16.717639923095703,6.237948894500732
2020-01-30,12.764883995056152,16.884220123291016,6.290853500366211
2020-01-31,12.607938766479492,16.601543426513672,6.185044288635254
2020-02-03,13.10231876373291,16.70755386352539,6.180236339569092
2020-02-04,13.068312644958496,16.71713638305664,6.194662570953369
2020-02-05,12.908751487731934,17.040361404418945,6.228329658508301
2020-02-06,12.736112594604492,16.84339141845703,6.165806293487549
2020-02-07,12.634098052978516,17.03531837463379,6.151378631591797
2020-02-10,12.720417976379395,17.217124938964844,6.276427268981934
2020-02-11,12.791046142578125,17.368637084960938,6.387044906616211
2020-02-12,13.04738712310791,17.13633155822754,6.430330753326416
2020-02-13,12.968915939331055,16.808034896850586,6.334140300750732
2020-02-14,13.13109016418457,16.42925453186035,6.252376079559326
2020-02-17,13.520842552185059,16.292890548706055,6.252376079559326
2020-02-18,13.374359130859375,16.229137420654297,6.343756675720215
2020-02-19,13.897506713867188,16.461931228637695,6.415902614593506
2020-02-20,13.683019638061523,16.224079132080078,6.372616291046143
2020-02-21,13.615008354187012,16.097570419311523,6.374307632446289
2020-02-26,12.542547225952148,15.232221603393555,6.006080150604248
2020-02-27,12.042937278747559,15.16643238067627,5.906559944152832
2020-02-28,12.555625915527344,15.449814796447754,5.976222038269043
2020-03-02,13.078773498535156,15.65729808807373,6.135722637176514
2020-03-03,12.976764678955078,15.251686096191406,6.046003341674805
2020-03-04,13.023844718933105,15.418792724609375,6.080895900726318
2020-03-05,12.322823524475098,14.91242504119873,5.896474361419678
2020-03-06,12.158031463623047,14.487079620361328,5.761897087097168
2020-03-09,10.698440551757812,13.4439697265625,5.398042678833008
2020-03-10,12.032476425170898,13.768045425415039,5.5126800537109375
2020-03-11,11.13003921508789,12.65404224395752,5.183712959289551
2020-03-12,9.649519920349121,10.957718849182129,4.620483875274658
2020-03-13,10.693207740783691,12.805950164794922,5.084026336669922
2020-03-16,8.969426155090332,10.977978706359863,4.535750389099121
2020-03-17,9.296394348144531,11.859051704406738,4.75506067276001
2020-03-18,8.57967758178711,10.47667407989502,4.520795822143555
2020-03-19,8.503819465637207,10.507058143615723,4.366283416748047
2020-03-20,8.485508918762207,9.74244499206543,4.14198637008667
2020-03-23,7.964975833892822,8.947455406188965,3.7532098293304443
2020-03-24,9.497808456420898,10.294382095336914,4.022362232208252
2020-03-25,10.146514892578125,11.06406021118164,4.29151725769043
2020-03-26,10.274114608764648,11.29698371887207,4.475935935974121
2020-03-27,9.814118385314941,10.562752723693848,4.23668909072876
2020-03-30,9.838050842285156,10.89189338684082,4.3961873054504395
2020-03-31,9.545567512512207,10.517180442810059,4.371265888214111
2020-04-01,9.213199615478516,10.056392669677734,4.117066383361816
2020-04-02,9.784873008728027,10.111621856689453,4.171891212463379
2020-04-03,9.532273292541504,9.736559867858887,4.042299270629883
2020-04-06,9.893891334533691,10.659025192260742,4.341361045837402
2020-04-07,10.23688793182373,11.059431076049805,4.470952033996582
2020-04-08,10.452264785766602,11.353403091430664,4.645406723022461
2020-04-09,10.372498512268066,11.348335266113281,4.605530738830566
2020-04-13,10.460238456726074,11.64231014251709,4.730138778686523
2020-04-14,10.51873779296875,11.769524574279785,4.784966468811035
2020-04-15,10.614459037780762,11.429434776306152,4.635435581207275
2020-04-16,10.452264785766602,11.13393783569336,4.495875835418701
2020-04-17,10.510761260986328,11.351378440856934,4.555686950683594
2020-04-20,10.79260540008545,10.983405113220215,4.470952033996582
2020-04-22,11.170178413391113,10.944375991821289,4.465968608856201
2020-04-23,10.968095779418945,10.788268089294434,4.406157493591309
2020-04-24,9.838050842285156,9.946393966674805,4.186845779418945
2020-04-27,10.430991172790527,10.23630428314209,4.321423530578613
2020-04-28,10.58255386352539,11.13393783569336,4.6254682540893555
2020-04-29,10.60914134979248,11.507491111755371,4.615498065948486
2020-04-30,10.215617179870605,10.676759719848633,4.485906600952148
2020-05-04,10.20498275756836,10.202857971191406,4.336374759674072
2020-05-05,10.300704002380371,10.213448524475098,4.441047668457031
2020-05-06,10.220934867858887,10.00136661529541,4.336374759674072
2020-05-07,9.798168182373047,9.571616172790527,4.132018089294434
2020-05-08,10.040131568908691,10.00136661529541,4.231705188751221
2020-05-11,9.784873008728027,9.850674629211426,4.1968159675598145
2020-05-12,9.500364303588867,9.543717384338379,4.07719087600708
2020-05-13,9.61469841003418,9.45999813079834,4.0971269607543945
2020-05-14,10.056081771850586,9.979039192199707,4.246659278869629
2020-05-15,10.513420104980469,9.549294471740723,4.057253360748291
2020-05-18,11.1648588180542,10.051595687866211,4.256625175476074
2020-05-19,10.827173233032227,9.755794525146484,4.107096195220947
2020-05-20,10.805904388427734,9.856256484985352,4.1120805740356445
2020-05-21,11.598261833190918,10.403206825256348,4.331390857696533
2020-05-22,11.66739559173584,10.464600563049316,4.416126728057861
2020-05-25,12.36403751373291,11.206892967224121,4.605530738830566
2020-05-26,12.36403751373291,10.721331596374512,4.4460296630859375
2020-05-27,12.38796615600586,10.905508041381836,4.540733337402344
2020-05-28,12.21779727935791,10.659937858581543,4.485906600952148
2020-05-29,12.111438751220703,10.57621955871582,4.416126728057861
2020-06-01,12.106121063232422,11.050618171691895,4.5310235023498535
2020-06-02,12.353400230407715,11.547236442565918,4.765820026397705
2020-06-03,12.980910301208496,12.061196327209473,4.900699615478516
2020-06-04,13.182990074157715,12.234373092651367,4.955650329589844
2020-06-05,13.047384262084961,12.45783519744873,5.015598773956299
2020-06-08,13.751998901367188,13.11145305633545,5.195441246032715
2020-06-09,13.579168319702148,12.820962905883789,5.175459861755371
2020-06-10,13.491425514221191,12.223199844360352,5.010605335235596
2020-06-12,13.254778861999512,12.083539009094238,4.890707492828369
2020-06-15,13.164375305175781,11.815389633178711,4.7758097648620605
2020-06-16,13.161718368530273,12.306997299194336,4.8757219314575195
2020-06-17,13.613737106323242,12.502523422241211,4.960648536682129
2020-06-18,13.390382766723633,12.45783519744873,5.120507717132568
2020-06-19,13.560556411743164,12.491347312927246,5.200437068939209
2020-06-22,13.382407188415527,12.055601119995117,5.070550918579102
2020-06-23,13.900896072387695,12.038850784301758,5.025591850280762
2020-06-24,13.999279975891113,11.647796630859375,4.880717754364014
2020-06-25,14.624130249023438,11.92712116241455,4.97563362121582
2020-06-26,14.211994171142578,11.5584077835083,4.825765609741211
2020-06-29,14.61349105834961,11.960640907287598,4.9406657218933105
2020-06-30,14.64805793762207,11.56400203704834,4.79079532623291
2020-07-01,14.937804222106934,11.820976257324219,4.890707492828369
2020-07-02,14.983129501342773,11.859543800354004,4.970639228820801
2020-07-03,15.063106536865234,11.937821388244629,4.980629920959473
2020-07-06,15.068441390991211,12.664713859558105,5.175459861755371
2020-07-07,15.241732597351074,12.139117240905762,4.990621089935303
2020-07-08,16.169511795043945,12.552889823913574,5.08054256439209
2020-07-09,15.70029354095459,12.273307800292969,5.095529556274414
2020-07-10,15.982888221740723,12.452245712280273,5.110515594482422
2020-07-13,15.966897010803223,12.27890396118164,5.015598773956299
2020-07-14,16.30014991760254,12.485788345336914,5.075545310974121
2020-07-15,16.500102996826172,12.692681312561035,5.130497932434082
2020-07-16,16.396127700805664,12.46901798248291,5.070550918579102
2020-07-17,17.033309936523438,12.530522346496582,5.130497932434082
2020-07-20,17.969085693359375,12.647941589355469,5.205433368682861
2020-07-21,17.630502700805664,12.989029884338379,5.255389213562012
2020-07-22,17.78246307373047,12.765363693237305,5.255389213562012
2020-07-23,17.467876434326172,12.580841064453125,5.180454254150391
2020-07-24,17.42255210876465,12.659124374389648,5.220420837402344
2020-07-27,17.65716552734375,13.240645408630371,5.505171775817871
2020-07-28,17.39055824279785,13.151172637939453,5.435230731964111
2020-07-29,17.230588912963867,13.56495189666748,5.560121059417725
2020-07-30,17.225265502929688,13.089670181274414,5.450218200683594
2020-07-31,16.91333770751953,12.547295570373535,5.330323219299316
2020-08-03,17.033309936523438,12.413105010986328,5.345310211181641
2020-08-04,16.85468864440918,12.155097007751465,5.100526332855225
2020-08-05,16.929332733154297,12.211057662963867,5.095529556274414
2020-08-06,17.075969696044922,12.295004844665527,5.155476093292236
2020-08-07,16.67605972290039,12.222251892089844,5.100526332855225
2020-08-10,16.596084594726562,12.32857894897461,5.175459861755371
2020-08-11,16.22016716003418,12.227848052978516,5.095529556274414
2020-08-12,16.396127700805664,12.115921020507812,5.050569534301758
2020-08-13,16.169511795043945,11.864089965820312,4.925678730010986
2020-08-14,16.1481876373291,11.880884170532227,4.960648536682129
2020-08-17,15.489676475524902,11.533909797668457,4.810779094696045
2020-08-18,16.476112365722656,11.657029151916504,4.9058942794799805
2020-08-19,15.881577491760254,11.612255096435547,4.870851039886475
2020-08-20,16.620071411132812,11.584280014038086,4.840815544128418
2020-08-21,16.25482940673828,11.584280014038086,4.870851039886475
2020-08-24,16.236162185668945,11.847307205200195,4.920910358428955
2020-08-25,16.48944091796875,11.847307205200195,4.880865097045898
2020-08-26,16.1295223236084,11.601066589355469,4.81077766418457
2020-08-27,16.07086753845215,11.774553298950195,4.850825786590576
2020-08-28,16.268159866333008,12.015192985534668,4.895880699157715
2020-08-31,15.676294326782227,11.606661796569824,4.720670223236084
2020-09-01,16.009550094604492,11.841706275939941,4.876186370849609
2020-09-02,15.988218307495117,11.829928398132324,4.810969829559326
2020-09-03,15.41502571105957,12.294832229614258,4.91130256652832
2020-09-04,15.550993919372559,12.306037902832031,4.901269912719727
2020-09-08,15.207073211669922,12.109996795654297,4.836053371429443
2020-09-09,15.532330513000488,12.076379776000977,4.856120586395264
2020-09-10,14.929805755615234,11.678694725036621,4.745754241943359
2020-09-11,14.935139656066895,11.460245132446289,4.650437355041504
2020-09-14,15.657630920410156,11.59467601776123,4.705620288848877
2020-09-15,15.271059036254883,11.471444129943848,4.645421028137207
2020-09-16,15.201744079589844,11.493851661682129,4.645421028137207
2020-09-17,15.111091613769531,11.521860122680664,4.640402793884277
2020-09-18,14.964463233947754,11.247396469116211,4.509970188140869
2020-09-21,14.956469535827637,11.079355239868164,4.504953384399414
2020-09-22,15.292387008666992,11.14656925201416,4.504953384399414
2020-09-23,14.900479316711426,10.883309364318848,4.4146552085876465
2020-09-24,15.721614837646484,11.090560913085938,4.530037879943848
2020-09-25,15.499093055725098,11.079355239868164,4.525022029876709
2020-09-28,14.866700172424316,11.045746803283691,4.499936103820801
2020-09-29,14.499154090881348,10.782486915588379,4.424686431884766
2020-09-30,14.866700172424316,10.872111320495605,4.4146552085876465
2020-10-01,14.736973762512207,10.922520637512207,4.464820861816406
2020-10-02,14.393754959106445,11.0116548538208,4.474855422973633
2020-10-05,15.066686630249023,11.168642044067383,4.494922637939453
2020-10-06,14.52888011932373,11.129393577575684,4.504953384399414
2020-10-07,14.515368461608887,11.0116548538208,4.464820861816406
2020-10-08,14.823458671569824,11.577933311462402,4.680536270141602
2020-10-09,14.785624504089355,11.628393173217773,4.695587158203125
2020-10-13,14.809948921203613,11.695672988891602,4.675521373748779
2020-10-14,15.236946105957031,11.706888198852539,4.660470008850098
2020-10-15,15.028855323791504,11.628393173217773,4.640402793884277
2020-10-16,14.685625076293945,11.398520469665527,4.550103664398193
2020-10-19,15.17209243774414,11.555502891540527,4.625353813171387
2020-10-20,15.647736549377441,12.054503440856934,4.765820503234863
2020-10-21,15.504496574401855,12.177852630615234,4.785886764526367
2020-10-22,15.15317153930664,12.738531112670898,4.966485977172852
2020-10-23,14.809948921203613,12.682459831237793,4.936387062072754
2020-10-26,14.85859203338623,12.839455604553223,4.971502304077148
2020-10-27,14.255922317504883,12.480621337890625,4.8310370445251465
2020-10-28,13.872163772583008,11.77417278289795,4.605287075042725
2020-10-29,14.318082809448242,11.656429290771484,4.630370616912842
2020-10-30,13.796491622924805,11.303201675415039,4.560137748718262
2020-11-03,13.774871826171875,11.690068244934082,4.605287075042725
2020-11-04,14.620765686035156,11.605314254760742,4.710636138916016
2020-11-05,15.299102783203125,11.784896850585938,4.906284809112549
2020-11-06,15.301810264587402,11.7568359375,4.931370735168457
2020-11-09,14.553202629089355,12.873589515686035,5.232370853424072
2020-11-10,14.620765686035156,13.704145431518555,5.402934551239014
2020-11-11,14.972099304199219,13.648030281066895,5.317652225494385
2020-11-12,14.534284591674805,13.109289169311523,5.25243616104126
2020-11-13,14.512664794921875,13.575074195861816,5.342734336853027
2020-11-16,14.431589126586914,14.175545692443848,5.458117485046387
2020-11-17,14.472128868103027,14.254112243652344,5.473168849945068
2020-11-18,14.607254981994629,13.816386222839355,5.367818832397461
2020-11-19,14.950480461120605,13.82761287689209,5.377851963043213
2020-11-23,14.618066787719727,13.737815856933594,5.372837066650391
2020-11-24,15.053175926208496,14.355130195617676,5.48821496963501
2020-11-25,15.299102783203125,14.16993236541748,5.41296911239624
2020-11-26,15.404504776000977,13.939851760864258,5.372837066650391
2020-11-27,15.377479553222656,13.82761287689209,5.453101634979248
2020-11-30,15.169384002685547,13.636808395385742,5.307618141174316
2020-12-01,15.345046043395996,14.400016784667969,5.548874378204346
2020-12-02,16.10717010498047,14.556694984436035,5.543848514556885
2020-12-03,15.915290832519531,14.365756034851074,5.624266624450684
2020-12-04,15.882857322692871,14.489300727844238,5.634319305419922
2020-12-07,15.799076080322266,14.584766387939453,5.65944766998291
2020-12-08,15.707191467285156,14.410677909851074,5.634319305419922
2020-12-09,15.309918403625488,14.449990272521973,5.664475917816162
2020-12-10,15.731514930725098,15.045278549194336,5.780077934265137
2020-12-11,15.901777267456055,14.927350997924805,5.785985946655273
2020-12-14,15.750433921813965,14.848726272583008,5.720062732696533
2020-12-15,15.912580490112305,14.848726272583008,5.831623554229736
2020-12-16,16.363908767700195,15.18569278717041,5.9127583503723145
2020-12-17,16.33687973022461,15.258695602416992,5.917830944061279
2020-12-18,16.161216735839844,15.286767959594727,5.862049102783203
2020-12-21,15.945013999938965,14.916118621826172,5.770772457122803
2020-12-22,16.290935516357422,15.219383239746094,5.780913352966309
2020-12-23,16.212570190429688,15.567569732666016,5.917830944061279
2020-12-28,16.62065315246582,15.71920394897461,5.983752250671387
2020-12-29,16.70712661743164,15.693705558776855,6.019250392913818
2020-12-30,16.750375747680664,15.471378326416016,5.94825553894043
2021-01-04,16.62967300415039,15.066641807556152,5.856978893280029
2021-01-05,16.662399291992188,14.974785804748535,5.811340808868408
2021-01-06,16.389694213867188,15.471095085144043,5.927970886230469
2021-01-07,16.847835540771484,15.881827354431152,6.166309356689453
2021-01-08,17.09600067138672,15.744913101196289,6.151093482971191
2021-01-11,16.39242172241211,15.465386390686035,6.0091094970703125
2021-01-12,16.866924285888672,15.453974723815918,6.054746150970459
2021-01-13,16.935104370117188,15.220083236694336,5.993895053863525
2021-01-14,16.815113067626953,15.687872886657715,6.125740051269531
2021-01-15,16.313331604003906,15.254314422607422,5.887404441833496
2021-01-18,16.580583572387695,15.305655479431152,5.89754581451416
2021-01-19,16.523317337036133,15.060355186462402,5.80626916885376
2021-01-20,16.362424850463867,14.746602058410645,5.714992523193359
2021-01-21,15.844279289245605,14.53552532196045,5.598358631134033
2021-01-22,15.966992378234863,14.267410278320312,5.517222881317139
2021-01-26,16.171525955200195,13.925127983093262,5.395693778991699
2021-01-27,16.092439651489258,14.124788284301758,5.360128402709961
2021-01-28,16.71421241760254,14.564050674438477,5.5735182762146
2021-01-29,16.307876586914062,14.11337661743164,5.390611171722412
2021-02-01,16.70330238342285,14.404312133789062,5.482064247131348
2021-02-02,17.09600067138672,14.346637725830078,5.4922261238098145
2021-02-03,17.169633865356445,14.415143966674805,5.497306823730469
2021-02-04,17.0278263092041,14.849032402038574,5.497306823730469
2021-02-05,17.303264617919922,14.769108772277832,5.466823101043701
2021-02-08,17.046913146972656,14.455100059509277,5.385532379150391
2021-02-09,16.96782875061035,14.529325485229492,5.431257247924805
2021-02-10,16.37605857849121,14.369481086730957,5.395693778991699
2021-02-11,16.449687957763672,14.38659954071045,5.405853748321533
2021-02-12,16.32423973083496,14.38659954071045,5.385532379150391
2021-02-17,16.092439651489258,14.375186920166016,5.355048179626465
2021-02-18,15.822458267211914,14.23337173461914,5.258514404296875
2021-02-19,15.830645561218262,14.113377571105957,5.207706451416016
2021-02-22,15.200690269470215,13.187719345092773,4.968914031982422
2021-02-23,15.091604232788086,13.816252708435059,5.34488582611084
2021-02-24,15.167966842651367,13.719120025634766,5.294078350067139
2021-02-25,14.968883514404297,13.421988487243652,5.136577606201172
2021-02-26,14.807991027832031,13.142010688781738,5.055286884307861
2021-03-01,14.821624755859375,12.70775032043457,4.897466659545898
2021-03-02,15.274321556091309,13.050297737121582,5.040013790130615
2021-03-03,15.432489395141602,13.164671897888184,5.085831642150879
2021-03-04,15.132509231567383,13.673633575439453,5.1978325843811035
2021-03-05,15.405221939086914,14.319869041442871,5.279288291931152
2021-03-08,14.36893367767334,13.810891151428223,5.070558071136475
2021-03-09,14.589822769165039,13.92526912689209,5.116378307342529
2021-03-10,15.08342456817627,14.159741401672363,5.256826877593994
2021-03-11,15.462486267089844,14.405652046203613,5.241529941558838
2021-03-12,15.091604232788086,14.308428764343262,5.20073938369751
2021-03-15,14.671634674072266,14.508585929870605,5.216037273406982
2021-03-16,14.303482055664062,14.268392562866211,5.139554500579834
2021-03-17,14.439835548400879,14.863158226013184,5.287418842315674
2021-03-18,14.652548789978027,15.137661933898926,5.338407516479492
2021-03-19,15.173416137695312,15.292058944702148,5.323109149932861
2021-03-22,15.0043363571167,15.211999893188477,5.363900184631348
2021-03-23,14.772534370422363,15.046151161193848,5.231332778930664
2021-03-24,14.668907165527344,14.891744613647461,5.124258518218994
2021-03-25,14.938020706176758,15.223437309265137,5.231332778930664
2021-03-26,15.001906394958496,15.326372146606445,5.2921624183654785
2021-03-29,14.919650077819824,15.389281272888184,5.271728515625
2021-03-30,14.891814231872559,15.646628379821777,5.348353385925293
2021-03-31,15.203569412231445,15.309216499328613,5.271728515625
2021-04-01,14.922431945800781,14.748771667480469,5.159346580505371
2021-04-05,15.120065689086914,14.885540008544922,5.225754261016846
2021-04-06,15.328824043273926,14.650897979736328,5.174673080444336
2021-04-07,15.295419692993164,14.490644454956055,5.169563293457031
2021-04-08,15.545942306518555,14.44487476348877,5.154239177703857
2021-04-09,15.37057876586914,14.421977996826172,5.128695964813232
2021-04-12,15.523673057556152,14.690957069396973,5.215538501739502
2021-04-13,15.392847061157227,14.593671798706055,5.205321788787842
2021-04-14,15.317691802978516,14.765358924865723,5.241079330444336
2021-04-15,15.186867713928223,14.765358924865723,5.241079330444336
2021-04-16,15.42068099975586,14.937055587768555,5.261512279510498
2021-04-19,15.131197929382324,14.86951732635498,5.210429668426514
2021-04-20,14.953049659729004,14.642889976501465,5.220647811889648
2021-04-22,14.85006046295166,14.542157173156738,5.220647811889648
2021-04-23,14.953049659729004,14.812858581542969,5.271728515625
2021-04-26,14.755422592163086,14.825453758239746,5.246187686920166
2021-04-27,14.73872184753418,14.693251609802246,5.133805751800537
2021-04-28,14.919650077819824,15.480159759521484,5.3238844871521
2021-04-29,14.627378463745117,14.963949203491211,5.201024055480957
2021-04-30,14.33510971069336,15.01430892944336,5.1498332023620605
2021-05-03,14.332328796386719,15.461275100708008,5.216382026672363
2021-05-04,14.104081153869629,14.99441146850586,5.078166484832764
2021-05-05,14.33510971069336,15.019613265991211,5.226621627807617
2021-05-06,14.140264511108398,15.095216751098633,5.22150182723999
2021-05-07,14.847280502319336,15.158224105834961,5.293168067932129
2021-05-10,14.836146354675293,15.523634910583496,5.3494791984558105
2021-05-11,14.710886001586914,15.498432159423828,5.3494791984558105
2021-05-12,14.33510971069336,15.183427810668945,5.247098445892334
2021-05-13,14.40470027923584,15.536225318908691,5.339240550994873
2021-05-14,14.905731201171875,15.681132316589355,5.446742534637451
2021-05-17,14.680265426635742,15.7504301071167,5.451862335205078
2021-05-18,14.446455001831055,16.002439498901367,5.4365057945251465
2021-05-19,14.379647254943848,16.10954475402832,5.497933864593506
2021-05-20,14.40470027923584,16.260753631591797,5.518410682678223
2021-05-21,14.488205909729004,16.33635139465332,5.549123764038086
2021-05-24,14.571711540222168,16.292251586914062,5.559364318847656
2021-05-25,14.19593334197998,16.210346221923828,5.527777194976807
2021-05-26,14.279440879821777,16.582061767578125,5.579054355621338
2021-05-27,14.17923355102539,16.682870864868164,5.507265090942383
2021-05-28,14.596762657165527,16.72066307067871,5.5893096923828125
2021-05-31,14.646865844726562,16.682870864868164,5.5687994956970215
2021-06-01,14.780475616455078,17.060876846313477,5.78970193862915
2021-06-02,14.204289436340332,17.728517532348633,5.97977876663208
2021-06-04,14.396347045898438,17.709596633911133,6.113349914550781
2021-06-07,14.438102722167969,17.930255889892578,6.1904072761535645
2021-06-08,13.63644790649414,17.804166793823242,6.1338958740234375
2021-06-09,13.694902420043945,17.715892791748047,6.154447555541992
2021-06-10,13.360878944396973,17.7474308013916,6.123623371124268
2021-06-11,13.469437599182129,17.67807388305664,6.026014804840088
2021-06-14,13.628096580505371,17.602426528930664,6.0568389892578125
2021-06-15,13.920368194580078,17.615036010742188,6.072251319885254
2021-06-16,14.120780944824219,17.703292846679688,6.1287617683410645
2021-06-17,14.337895393371582,17.627635955810547,6.072251319885254
2021-06-18,14.513254165649414,17.400667190551758,6.015740871429443
2021-06-21,14.254388809204102,17.444805145263672,6.031153202056885
2021-06-22,14.187583923339844,17.123268127441406,6.077386856079102
2021-06-23,14.212635040283203,17.047618865966797,6.020877361297607
2021-06-24,14.187583923339844,17.173709869384766,6.0414276123046875
2021-06-25,13.937067985534668,16.637819290161133,5.897583484649658
2021-06-28,14.187583923339844,16.555856704711914,5.835936546325684
2021-06-29,14.229337692260742,16.45498275756836,5.80511474609375
2021-06-30,14.224813461303711,16.22171401977539,5.728054046630859
2021-07-01,13.801958084106445,16.019968032836914,5.738327503204346
2021-07-02,13.886531829833984,16.40418815612793,5.769152641296387
2021-07-05,13.624361991882324,16.113616943359375,5.692092418670654
2021-07-06,13.463675498962402,15.913897514343262,5.671543598175049
2021-07-07,13.759674072265625,16.029870986938477,5.769152641296387
2021-07-08,13.658188819885254,15.843018531799316,5.738327503204346
2021-07-12,14.13178539276123,16.24248695373535,5.8462114334106445
2021-07-13,14.334756851196289,16.22958755493164,5.825663089752197
2021-07-14,14.47852897644043,16.300464630126953,5.835936546325684
2021-07-15,14.37704086303711,16.055633544921875,5.78970193862915
2021-07-16,14.030301094055176,16.055633544921875,5.707505702972412
2021-07-19,13.878074645996094,15.469340324401855,5.661268711090088
2021-07-20,13.886531829833984,15.707718849182129,5.728054046630859
2021-07-21,13.827329635620117,15.71416187286377,5.764014720916748
2021-07-22,13.954187393188477,15.591748237609863,5.697232246398926
2021-07-23,13.827329635620117,15.430675506591797,5.692092418670654
2021-07-26,13.878074645996094,15.559530258178711,5.743465423583984
2021-07-27,13.61590576171875,15.681950569152832,5.779426574707031
2021-07-28,13.39601993560791,16.0491886138916,5.933544635772705
2021-07-29,13.370649337768555,15.894566535949707,5.8770365715026855
2021-07-30,12.897053718566895,15.623956680297852,5.738327503204346
2021-08-02,13.20996379852295,15.72060489654541,5.851347923278809
2021-08-03,13.539791107177734,15.810214042663574,5.923270225524902
2021-08-04,13.4805908203125,15.184773445129395,5.78970193862915
2021-08-05,13.286078453063965,14.959090232849121,5.80511474609375
2021-08-06,13.446762084960938,15.287935256958008,5.912994384765625
2021-08-09,13.336820602416992,15.281486511230469,5.9386820793151855
2021-08-10,13.116936683654785,15.062259674072266,5.8924479484558105
2021-08-11,12.727909088134766,15.120293617248535,5.97977876663208
2021-08-12,11.746889114379883,14.907510757446289,5.8770365715026855
2021-08-13,12.381169319152832,14.978438377380371,5.912994384765625
2021-08-16,11.823003768920898,14.855934143066406,5.8600850105285645
2021-08-17,11.687688827514648,14.79789924621582,5.782774448394775
2021-08-18,11.450888633728027,14.701177597045898,5.798236846923828
2021-08-19,11.992143630981445,14.668935775756836,5.751851558685303
2021-08-20,12.009057998657227,14.58512020111084,5.762157440185547
2021-08-23,11.543919563293457,14.688281059265137,5.787930011749268
2021-08-24,11.755345344543457,15.075156211853027,5.911624908447266
2021-08-25,11.831460952758789,15.100946426391602,5.921933650970459
2021-08-26,11.552374839782715,14.810795783996582,5.772464752197266
2021-08-27,11.789172172546387,15.004228591918945,5.875546932220459
2021-08-30,11.586203575134277,14.843029022216797,5.834315776824951
2021-08-31,11.899115562438965,14.926851272583008,5.958011627197266
2021-09-01,12.203572273254395,14.901056289672852,6.0199666023254395
2021-09-02,11.899115562438965,14.377694129943848,5.818610668182373
2021-09-03,11.882203102111816,14.306708335876465,5.808285236358643
2021-09-06,12.110544204711914,14.455124855041504,5.9167070388793945
2021-09-08,11.09569263458252,13.622673988342285,5.637907981872559
2021-09-09,11.52700424194336,13.680749893188477,5.751492977142334
2021-09-10,11.679231643676758,13.512965202331543,5.668886661529541
2021-09-13,12.009057998657227,13.790450096130371,5.746331691741943
2021-09-14,11.949859619140625,13.70010757446289,5.710190296173096
2021-09-15,11.882203102111816,13.577497482299805,5.710190296173096
2021-09-16,11.94140338897705,13.403260231018066,5.741168022155762
2021-09-17,11.992143630981445,12.919269561767578,5.617257118225098
2021-09-20,11.569289207458496,12.435284614562988,5.519163131713867
2021-09-21,11.45934772491455,12.615968704223633,5.493350028991699
2021-09-22,12.051342964172363,12.803114891052246,5.601768970489502
2021-09-23,11.763801574707031,13.370996475219727,5.746331691741943
2021-09-24,11.738431930541992,13.074143409729004,5.663723468780518
2021-09-27,11.569289207458496,13.467791557312012,5.808285236358643
2021-09-28,10.943466186523438,13.183854103088379,5.694702625274658
2021-09-29,10.782779693603516,13.422613143920898,5.803122043609619
2021-09-30,10.774322509765625,13.44197940826416,5.751492977142334
2021-10-01,11.188721656799316,13.777548789978027,5.896054744720459
2021-10-04,10.486781120300293,13.389347076416016,5.761819362640381
2021-10-05,10.275354385375977,13.61540699005127,5.8495893478393555
2021-10-06,10.334556579589844,13.718757629394531,5.870240688323975
2021-10-07,10.368386268615723,13.376429557800293,5.756657123565674
2021-10-08,10.562895774841309,13.466856002807617,5.844425678253174
2021-10-11,10.258442878723145,13.221414566040039,5.756657123565674
2021-10-13,10.867353439331055,13.182660102844238,5.766981601715088
2021-10-14,10.765868186950684,13.059945106506348,5.699863910675049
2021-10-15,11.121065139770508,13.744593620300293,5.808285236358643
2021-10-18,10.926552772521973,13.983570098876953,5.8495893478393555
2021-10-19,10.588269233703613,13.55081844329834,5.632745742797852
2021-10-20,11.112607955932617,14.01586627960205,5.751492977142334
2021-10-21,11.002664566040039,13.725213050842285,5.596606254577637
2021-10-22,10.672837257385254,13.20849895477295,5.436554908752441
2021-10-25,10.901179313659668,13.408727645874023,5.508836269378662
2021-10-26,10.275354385375977,13.105154037475586,5.405578136444092
2021-10-27,10.249982833862305,13.279541015625,5.431392669677734
2021-10-28,10.182328224182129,13.234332084655762,5.405578136444092
2021-10-29,10.072386741638184,12.853257179260254,5.291993618011475
2021-11-01,10.131587028503418,13.298927307128906,5.426229476928711
2021-11-03,10.1485013961792,13.188358306884766,5.472696304321289
2021-11-04,10.097756385803223,12.315597534179688,5.291993618011475
2021-11-05,10.461411476135254,12.923296928405762,5.250690460205078
2021-11-08,10.351470947265625,12.625910758972168,5.240364074707031
2021-11-09,10.689756393432617,12.483686447143555,5.1835713386535645
2021-11-10,10.71512508392334,13.18188762664795,5.302318572998047
2021-11-11,11.121065139770508,13.246539115905762,5.286830902099609
2021-11-12,11.036493301391602,13.37584114074707,5.281670093536377
2021-11-16,10.782779693603516,13.356444358825684,5.1835713386535645
2021-11-17,10.706666946411133,13.414628028869629,5.178410530090332
2021-11-18,10.545982360839844,13.28532600402832,5.142267227172852
2021-11-19,10.545982360839844,13.272400856018066,5.1371049880981445
2021-11-22,10.233071327209473,13.04612922668457,5.085476875305176
2021-11-23,10.131587028503418,13.298262596130371,5.1319427490234375
2021-11-24,10.309185028076172,13.640900611877441,5.2130866050720215
2021-11-25,10.461411476135254,13.750798225402832,5.260288715362549
2021-11-26,9.962440490722656,13.201288223266602,5.155396938323975
2021-11-29,9.725647926330566,13.104314804077148,5.150152683258057
2021-11-30,9.395818710327148,12.871574401855469,5.071484565734863
2021-12-01,9.311247825622559,12.819852828979492,5.057568550109863
2021-12-02,9.691817283630371,13.472774505615234,5.204771518707275
2021-12-03,9.835587501525879,13.43394660949707,5.178485870361328
2021-12-06,9.962440490722656,13.718672752380371,5.241574764251709
2021-12-07,10.190786361694336,13.556902885437012,5.194259166717529
2021-12-08,10.249982833862305,13.472774505615234,5.2100300788879395
2021-12-09,9.903244972229004,13.129804611206055,5.089110374450684
2021-12-10,10.469868659973145,13.07803726196289,5.099625587463379
2021-12-13,10.275354385375977,12.838608741760254,5.0260233879089355
2021-12-14,10.233071327209473,13.03273868560791,5.064775466918945
2021-12-15,10.199243545532227,13.03273868560791,5.112208366394043
2021-12-16,10.207700729370117,13.194512367248535,5.117478847503662
2021-12-17,10.410670280456543,12.825661659240723,5.027883529663086
2021-12-20,10.047016143798828,12.56035327911377,4.98045015335083
2021-12-21,9.738213539123535,12.50655746459961,4.947247505187988
2021-12-22,9.849555015563965,12.565511703491211,4.963847637176514
2021-12-23,9.746776580810547,12.60482120513916,4.974916458129883
2021-12-27,9.686821937561035,12.74894905090332,5.030253887176514
2021-12-28,9.558347702026367,12.703092575073242,5.024721145629883
2021-12-29,9.489828109741211,12.644131660461426,4.997053146362305
2021-12-30,9.541217803955078,12.585165977478027,4.941713333129883
2022-01-03,9.22270679473877,12.899633407592773,4.991517543792725
2022-01-04,9.420580863952637,12.984210968017578,5.030253887176514
2022-01-05,9.22270679473877,12.892401695251465,4.974916458129883
2022-01-06,9.446392059326172,13.076020240783691,5.019186019897461
2022-01-07,9.670077323913574,13.266195297241211,5.080059051513672
2022-01-10,9.61845588684082,13.312094688415527,5.080059051513672
2022-01-11,9.644267082214355,13.331767082214355,5.163067817687988
2022-01-12,9.988396644592285,13.233405113220215,5.146463871002197
2022-01-13,9.971190452575684,13.469473838806152,5.290344715118408
2022-01-14,10.513199806213379,13.685883522033691,5.351218223571777
2022-01-17,10.633645057678223,13.76457405090332,5.353093147277832
2022-01-18,10.590624809265137,14.013769149780273,5.392369270324707
2022-01-19,10.547613143920898,13.836711883544922,5.3979811668396
2022-01-20,11.399334907531738,13.823593139648438,5.392369270324707
2022-01-21,11.734861373901367,13.679326057434082,5.358702659606934
2022-01-24,11.23587417602539,13.967860221862793,5.33064603805542
2022-01-25,11.459555625915527,14.525267601013184,5.465315341949463
2022-01-26,11.855308532714844,14.538374900817871,5.521426677703857
2022-01-27,12.440330505371094,14.610518455505371,5.59437370300293
2022-01-28,12.681222915649414,14.820361137390137,5.650485038757324
2022-01-31,12.577981948852539,14.951510429382324,5.717820644378662
2022-02-01,12.268266677856445,15.003978729248047,5.729040622711182
2022-02-02,12.156423568725586,14.734214782714844,5.633652210235596
2022-02-03,12.165024757385254,14.95079231262207,5.650485038757324
2022-02-04,12.156423568725586,15.049242973327637,5.762710094451904
2022-02-07,11.786481857299805,14.99673843383789,5.684152603149414
2022-02-08,11.65743350982666,14.911416053771973,5.695374965667725
2022-02-09,12.182232856750488,13.631614685058594,5.5999836921691895
2022-02-10,12.13061237335205,13.828507423400879,5.661709308624268
2022-02-11,11.975754737854004,13.874446868896484,5.902990341186523
2022-02-14,12.147821426391602,13.894133567810059,5.880542755126953
2022-02-15,12.56077766418457,13.907257080078125,5.953490257263184
2022-02-16,12.55217456817627,14.071341514587402,5.936657905578613
2022-02-17,12.216644287109375,13.907257080078125,5.874932765960693
2022-02-18,12.27686882019043,13.9860258102417,5.902990341186523
2022-02-21,12.104803085327148,13.821934700012207,5.729040622711182
2022-02-22,12.380111694335938,13.769432067871094,5.7402663230896
2022-02-23,12.55217456817627,13.703803062438965,5.656096458435059
2022-02-24,12.646808624267578,13.290321350097656,5.566318035125732
2022-02-25,12.543569564819336,13.355955123901367,5.622429370880127
2022-03-02,12.319884300231934,13.218130111694336,5.583150386810303
2022-03-03,12.707033157348633,13.473533630371094,5.5999836921691895
2022-03-04,12.423124313354492,13.085941314697266,5.538261413574219
2022-03-07,11.958545684814453,12.750913619995117,5.358702659606934
2022-03-08,11.717656135559082,12.915144920349121,5.347480297088623
2022-03-09,11.872511863708496,13.742870330810547,5.633652210235596
2022-03-10,11.45095443725586,13.657469749450684,5.566318035125732
2022-03-11,11.407939910888672,13.598346710205078,5.5102057456970215
2022-03-14,11.407939910888672,13.696887016296387,5.5550947189331055
2022-03-15,11.442351341247559,13.664034843444824,5.5045928955078125
2022-03-16,11.700448989868164,13.861119270324707,5.605593681335449
2022-03-17,11.958545684814453,13.913673400878906,5.757098197937012
2022-03-18,12.139216423034668,13.880820274353027,5.841266632080078
2022-03-21,11.9413423538208,14.209282875061035,5.992770195007324
2022-03-22,12.58658504486084,14.386658668518066,6.082548141479492
2022-03-23,12.6984281539917,14.294692039489746,6.060103416442871
2022-03-24,12.810271263122559,14.504902839660645,6.127437591552734
2022-03-25,13.18606185913086,14.6362886428833,6.123678684234619
2022-03-28,13.142513275146484,14.564023971557617,6.106668949127197
2022-03-29,13.534439086914062,14.826797485351562,6.152029991149902
2022-03-30,13.647662162780762,14.734824180603027,6.146358966827393
2022-03-31,13.682496070861816,14.59687328338623,6.095328330993652
2022-04-01,13.969910621643066,14.439209938049316,6.118008136749268
2022-04-04,14.057002067565918,14.379365921020508,6.078319549560547
2022-04-05,13.787010192871094,13.978288650512695,5.919556140899658
2022-04-06,13.821847915649414,13.905973434448242,5.874194145202637
2022-04-07,13.804429054260254,13.965142250061035,5.823165416717529
2022-04-08,13.586694717407227,14.122940063476562,5.823165416717529
2022-04-11,12.959616661071777,14.10322093963623,5.772133827209473
2022-04-12,12.498016357421875,13.978288650512695,5.7154340744018555
2022-04-13,12.550275802612305,14.122940063476562,5.721104145050049
2022-04-14,12.619948387145996,14.090062141418457,5.726771831512451
2022-04-18,12.646076202392578,14.339914321899414,5.760794639587402
2022-04-19,12.663495063781738,14.153841018676758,5.698422908782959
2022-04-20,12.794136047363281,14.10322093963623,5.704093933105469
2022-04-22,12.50672721862793,13.900699615478516,5.6190409660339355
2022-04-25,12.297699928283691,13.813916206359863,5.602032661437988
2022-04-26,11.853519439697266,13.220863342285156,5.363888263702393
2022-04-27,11.766424179077148,13.300415992736816,5.329867839813232
2022-04-28,11.827391624450684,13.177465438842773,5.301517963409424
2022-04-29,11.583531379699707,13.003888130187988,5.222136974334717
2022-05-02,11.148056983947754,12.996654510498047,5.188116550445557
2022-05-03,10.93032169342041,13.082797050476074,5.176776885986328
2022-05-04,11.017416954040527,13.271039962768555,5.159766674041748
2022-05-05,10.555814743041992,12.83663272857666,5.029353618621826
2022-05-06,10.250986099243164,13.104514122009277,5.046364784240723
2022-05-09,10.224858283996582,13.299997329711914,4.978323936462402
2022-05-10,10.076796531677246,13.430314064025879,4.944302558898926
2022-05-11,9.832935333251953,13.66200065612793,5.052035331726074
2022-05-12,10.36420726776123,13.748878479003906,5.137086391448975
2022-05-13,9.989705085754395,13.908159255981445,5.1824469566345215
2022-05-16,9.989705085754395,14.139842987060547,5.239147186279297
2022-05-17,10.36420726776123,14.429443359375,5.284507751464844
2022-05-18,10.059380531311035,14.1615629196167,5.205127716064453
2022-05-19,10.2858247756958,14.052960395812988,5.244815826416016
2022-05-20,10.486139297485352,14.241203308105469,5.312858581542969
2022-05-23,10.538397789001465,14.472884178161621,5.380897521972656
2022-05-24,10.468725204467773,14.776970863342285,5.431930065155029
2022-05-25,10.372918128967285,14.610448837280273,5.341207981109619
2022-05-26,10.808390617370605,14.690086364746094,5.363888263702393
2022-05-27,11.060962677001953,14.900050163269043,5.363888263702393
2022-05-30,11.148056983947754,14.755248069763184,5.352548599243164
2022-05-31,11.121930122375488,14.842130661010742,5.437600135803223
2022-06-01,10.886774063110352,14.574243545532227,5.394132137298584
2022-06-02,11.226441383361816,14.515522956848145,5.416869163513184
2022-06-03,11.034833908081055,14.428563117980957,5.337294101715088
2022-06-06,10.69516658782959,14.443063735961914,5.360029220581055
2022-06-07,10.355500221252441,14.319866180419922,5.303189277648926
2022-06-08,10.268406867980957,14.066213607788086,5.229297161102295
2022-06-09,10.407756805419922,14.058974266052246,5.155403137207031
2022-06-10,10.155183792114258,13.8488130569458,5.053092002868652
2022-06-13,10.050667762756348,13.645902633666992,4.97351598739624
2022-06-14,10.007123947143555,13.508209228515625,4.95646333694458
2022-06-15,10.1116361618042,13.60241985321045,4.996252059936523
2022-06-17,9.972283363342285,13.392257690429688,4.905307769775391
2022-06-20,10.059380531311035,13.747360229492188,5.058776378631592
2022-06-21,10.007123947143555,13.649666786193848,5.013304233551025
2022-06-22,10.146472930908203,13.591084480285645,5.036040306091309
2022-06-23,10.0855073928833,13.232267379760742,4.928044319152832
2022-06-24,10.102926254272461,13.122429847717285,4.905307769775391
2022-06-27,10.102926254272461,13.305497169494629,4.967831611633301
2022-06-28,9.81551742553711,13.11510181427002,4.905307769775391
2022-06-29,9.648777961730957,12.888097763061523,4.854151725769043
2022-06-30,9.65758991241455,12.595186233520508,4.740471363067627
2022-07-01,9.860258102416992,12.690380096435547,4.72910213470459
2022-07-04,9.763328552246094,12.5576753616333,4.6893157958984375
2022-07-05,9.930753707885742,12.58700180053711,4.694998741149902
2022-07-06,9.789762496948242,12.484367370605469,4.6893157958984375
2022-07-07,10.010055541992188,12.740944862365723,4.740471363067627
2022-07-08,10.080549240112305,12.748275756835938,4.76889181137085
2022-07-11,9.490168571472168,12.491698265075684,4.672262191772461
2022-07-12,9.287500381469727,12.543017387390137,4.660896301269531
2022-07-13,9.058398246765137,12.257111549377441,4.615423202514648
2022-07-14,9.058398246765137,11.97854232788086,4.604054927825928
2022-07-15,8.838105201721191,12.05185317993164,4.746155738830566
2022-07-18,9.04958438873291,12.205799102783203,4.791627407073975
2022-07-19,8.996715545654297,12.652974128723145,4.882571697235107
2022-07-20,9.287500381469727,12.491698265075684,4.808679103851318
2022-07-21,9.70164680480957,12.660305976867676,4.865520000457764
2022-07-22,9.446109771728516,12.499025344848633,4.814363956451416
2022-07-25,9.454917907714844,12.66763687133789,4.854151725769043
2022-07-26,9.454917907714844,12.579668998718262,4.842784881591797
2022-07-27,9.587095260620117,12.652974128723145,4.865520000457764
2022-07-28,9.921939849853516,12.748275756835938,4.9166765213012695
2022-07-29,9.772143363952637,12.777596473693848,4.905307769775391
2022-08-01,9.578285217285156,12.748275756835938,4.854151725769043
2022-08-02,9.516603469848633,12.96768856048584,4.899622440338135
2022-08-03,9.833822250366211,13.173176765441895,4.939411163330078
2022-08-04,10.485885620117188,13.415358543395996,5.053092002868652
2022-08-05,10.635685920715332,13.576810836791992,5.121301174163818
2022-08-08,10.970528602600098,13.620841026306152,5.189509391784668
2022-08-09,10.794296264648438,13.818992614746094,5.286137104034424
2022-08-10,10.900036811828613,14.039155960083008,5.314557075500488
2022-08-11,10.706177711486816,14.156577110290527,5.2975053787231445
2022-08-12,11.54328727722168,14.33270263671875,5.365713596343994
2022-08-15,11.631402969360352,14.259319305419922,5.371396541595459
2022-08-16,11.560908317565918,14.46480655670166,5.394132137298584
2022-08-17,11.340616226196289,14.486827850341797,5.39981746673584
2022-08-18,11.322994232177734,14.5748872756958,5.39981746673584
2022-08-19,11.023399353027344,14.3914213180542,5.376767158508301
2022-08-22,10.838353157043457,14.193273544311523,5.33100700378418
2022-08-23,10.952903747558594,14.296012878417969,5.33100700378418
2022-08-24,10.979339599609375,14.215287208557129,5.313845634460449
2022-08-25,11.252501487731934,14.318029403686523,5.365325450897217
2022-08-26,10.952903747558594,14.266658782958984,5.348166465759277
2022-08-29,10.8735990524292,14.318029403686523,5.313845634460449
2022-08-30,10.741423606872559,14.273993492126465,5.3424458503723145
2022-08-31,10.441828727722168,13.914393424987793,5.233767509460449
2022-09-01,10.662118911743164,14.031821250915527,5.252994537353516
2022-09-02,11.137950897216797,14.185328483581543,5.333281993865967
2022-09-05,11.322994232177734,14.214713096618652,5.396362781524658
2022-09-06,10.917659759521484,14.126561164855957,5.304606914520264
2022-09-08,11.455172538757324,14.045759201049805,5.31607723236084
2022-09-09,11.411112785339355,14.236751556396484,5.350485324859619
2022-09-12,11.675461769104004,14.376327514648438,5.447976112365723
2022-09-13,11.349431037902832,14.266135215759277,5.373425006866455
2022-09-14,11.261312484741211,14.20002269744873,5.3676886558532715
2022-09-15,11.06745433807373,14.148599624633789,5.361954212188721
2022-09-16,10.908846855163574,13.986989974975586,5.321810722351074
2022-09-19,11.649027824401855,14.346942901611328,5.482384204864502
2022-09-20,12.01911735534668,14.809748649597168,5.637219429016113
2022-09-21,11.737143516540527,14.721595764160156,5.608547210693359
2022-09-22,11.842884063720703,15.059515953063965,5.728975772857666
2022-09-23,11.872031211853027,14.765671730041504,5.5970778465271
2022-09-26,11.410980224609375,14.501221656799316,5.482384204864502
2022-09-27,11.304585456848145,14.413061141967773,5.4250359535217285
2022-09-28,11.393247604370117,14.420408248901367,5.442239761352539
2022-09-29,11.171590805053711,14.530604362487793,5.511056900024414
2022-09-30,11.570573806762695,14.574673652648926,5.579874038696289
2022-10-03,12.30648136138916,15.581092834472656,5.975567817687988
2022-10-04,12.838462829589844,15.572983741760254,5.9182209968566895
2022-10-05,13.060121536254883,15.742094039916992,5.9354248046875
2022-10-06,13.148783683776855,15.418582916259766,5.90675163269043
2022-10-07,13.122185707092285,15.050949096679688,5.866609573364258
2022-10-10,13.157649993896484,14.823010444641113,5.855138301849365
2022-10-11,12.723198890686035,14.78625202178955,5.780588626861572
2022-10-13,12.324213981628418,14.573023796081543,5.746180534362793
2022-10-14,12.315347671508789,14.477437973022461,5.723240375518799
2022-10-17,12.545872688293457,14.58036994934082,5.786324501037598
2022-10-18,12.412878036499023,14.690661430358887,5.9010162353515625
2022-10-19,12.63453483581543,14.7568359375,5.958364963531494
2022-10-20,12.412878036499023,14.925948143005371,6.078794002532959
2022-10-21,12.971455574035645,15.242107391357422,6.239366054534912
2022-10-24,12.448345184326172,14.595076560974121,5.998507499694824
2022-10-25,12.27988338470459,14.506853103637695,5.9640984535217285
2022-10-26,11.68583869934082,13.874518394470215,5.809261798858643
2022-10-27,12.30648136138916,14.131855964660645,5.958364963531494
2022-10-28,12.572473526000977,14.212738990783691,5.9640984535217285
2022-10-31,13.334978103637695,14.602433204650879,6.159078598022461
2022-11-01,13.405906677246094,14.683310508728027,6.170548439025879
2022-11-03,13.636433601379395,14.432331085205078,6.159078598022461
2022-11-04,13.831494331359863,14.277775764465332,6.1762824058532715
2022-11-07,13.565503120422363,13.806751251220703,6.067325115203857
2022-11-08,13.592103004455566,13.674281120300293,6.084527492523193
2022-11-09,13.512303352355957,11.297103881835938,5.8321990966796875
2022-11-10,11.801100730895996,10.96591854095459,5.688833236694336
2022-11-11,11.153857231140137,11.149910926818848,5.576433181762695
2022-11-14,11.056327819824219,11.157270431518555,5.645822525024414
2022-11-16,10.9942626953125,11.19406509399414,5.544891357421875
2022-11-17,10.3292875289917,11.436939239501953,5.570125579833984
2022-11-18,10.524347305297852,11.488455772399902,5.6205902099609375
2022-11-21,10.683942794799805,11.407499313354492,5.627911567687988
2022-11-22,10.630743980407715,11.363340377807617,5.583498001098633
2022-11-23,10.630743980407715,11.282384872436523,5.54542875289917
2022-11-24,11.224786758422852,11.510534286499023,5.729430198669434
2022-11-25,10.683942794799805,11.297103881835938,5.602533340454102
2022-11-28,10.710540771484375,11.282384872436523,5.558119297027588
2022-11-29,11.127259254455566,11.414856910705566,5.577152729034424
2022-11-30,11.286852836608887,11.466376304626465,5.634255886077881
2022-12-01,11.003130912780762,11.333900451660156,5.553799629211426
2022-12-02,11.26025390625,11.325780868530273,5.57924747467041
2022-12-05,10.772604942321777,10.90575885772705,5.458372592926025
2022-12-06,10.799203872680664,11.163665771484375,5.496545314788818
2022-12-07,10.861268997192383,11.038398742675781,5.477458477020264
2022-12-08,10.409085273742676,10.721541404724121,5.324777126312256
2022-12-09,10.409085273742676,10.537320137023926,5.315343856811523
2022-12-12,10.151959419250488,10.41942024230957,5.276308059692383
2022-12-13,10.098763465881348,10.109933853149414,5.100648403167725
2022-12-14,10.444547653198242,10.323625564575195,5.198235988616943
2022-12-15,10.22288990020752,10.198357582092285,5.198235988616943
2022-12-16,10.072164535522461,10.183619499206543,5.237273216247559
2022-12-19,10.719406127929688,10.46363353729248,5.40642786026001
2022-12-20,11.189322471618652,10.83944320678711,5.458474636077881
2022-12-21,11.136123657226562,10.927865982055664,5.46497917175293
2022-12-22,10.923331260681152,10.964709281921387,5.491004467010498
2022-12-23,11.85986614227295,11.156294822692871,5.582087516784668
2022-12-26,11.922050476074219,10.891019821166992,5.510521411895752
2022-12-27,11.504512786865234,10.83944320678711,5.451968669891357
2022-12-28,11.904284477233887,11.171036720275879,5.5625691413879395
2022-12-29,11.735490798950195,11.163665771484375,5.536546230316162
2023-01-02,10.935614585876465,10.868917465209961,5.438957691192627
2023-01-03,10.569604873657227,10.329546928405762,5.302332878112793
2023-01-04,10.649949073791504,10.359058380126953,5.347874164581299
2023-01-05,10.980249404907227,10.809130668640137,5.425945281982422
2023-01-06,11.239129066467285,11.111642837524414,5.517028331756592
2023-01-09,11.087372779846191,11.25241756439209,5.5560622215271
2023-01-10,11.480159759521484,11.590145111083984,5.673170566558838
2023-01-11,12.006855964660645,11.820408821105957,5.718710899353027
2023-01-12,11.935440063476562,11.544086456298828,5.660158157348633
2023-01-13,11.747970581054688,11.505709648132324,5.614616870880127
2023-01-16,11.560505867004395,11.152633666992188,5.517028331756592
2023-01-17,11.614066123962402,11.229391098022461,5.6016035079956055
2023-01-18,11.676556587219238,11.398255348205566,5.647145748138428
2023-01-19,11.578357696533203,11.421278953552246,5.653652667999268
2023-01-20,11.39981746673584,11.260091781616211,5.582087516784668
2023-01-23,11.292693138122559,10.784201622009277,5.46497917175293
2023-01-24,11.462308883666992,10.899340629577637,5.569075107574463
2023-01-25,11.703333854675293,10.82258129119873,5.582087516784668
2023-01-26,11.712263107299805,10.853287696838379,5.60811185836792
2023-01-27,11.3462553024292,10.530911445617676,5.477991580963135
2023-01-30,11.48908805847168,10.584636688232422,5.5300397872924805
2023-01-31,11.56943130493164,10.761177062988281,5.549557209014893
2023-02-01,11.524794578552246,10.553936004638672,5.3869099617004395
2023-02-02,11.60513973236084,10.714558601379395,5.4129319190979
2023-02-03,10.81063461303711,10.47629165649414,5.360885143280029
2023-02-06,10.81063461303711,10.437853813171387,5.3673930168151855
2023-02-07,10.614240646362305,10.376368522644043,5.308837890625
2023-02-08,10.819561004638672,10.88365650177002,5.75774621963501
2023-02-09,10.399988174438477,10.606954574584961,5.60811185836792
2023-02-10,10.533895492553711,9.738411903381348,5.549557209014893
2023-02-13,10.641019821166992,10.08428955078125,5.686183452606201
2023-02-14,10.212520599365234,10.176523208618164,5.647145748138428
2023-02-15,10.346427917480469,10.576208114624023,5.686183452606201
2023-02-16,10.150032997131348,10.776049613952637,5.69919490814209
2023-02-17,9.846515655517578,10.714558601379395,5.686183452606201
2023-02-22,9.68582820892334,10.606954574584961,5.569075107574463
2023-02-23,9.623340606689453,10.560835838317871,5.569075107574463
2023-02-24,9.306893348693848,10.22264289855957,5.4129319190979
2023-02-27,9.459171295166016,10.122721672058105,5.3673930168151855
2023-02-28,9.450214385986328,10.053548812866211,5.354379653930664
2023-03-01,9.405425071716309,9.9766845703125,5.317535400390625
2023-03-02,9.486045837402344,9.845038414001465,5.20009183883667
2023-03-03,9.423341751098633,9.898921966552734,5.213140964508057
2023-03-06,9.817474365234375,10.229911804199219,5.32405948638916
2023-03-07,9.898092269897461,10.468535423278809,5.304484844207764
2023-03-08,10.435543060302734,10.791826248168945,5.415402889251709
2023-03-09,10.372841835021973,10.753340721130371,5.35668420791626
2023-03-10,10.086201667785645,10.445440292358398,5.2653374671936035
2023-03-13,10.166820526123047,10.32997989654541,5.1870436668396
2023-03-14,10.247434616088867,10.268399238586426,5.1870436668396
2023-03-15,10.33701229095459,10.414648056030273,5.20661735534668
2023-03-16,10.623651504516602,10.707154273986816,5.245765209197998
2023-03-17,10.122032165527344,10.260703086853027,5.128322124481201
2023-03-20,10.01453971862793,10.083661079406738,5.160945415496826
2023-03-21,10.005581855773926,10.114450454711914,5.219666004180908
2023-03-22,9.889134407043457,10.022080421447754,5.154421329498291
2023-03-23,9.333765983581543,9.675697326660156,5.076125621795654
2023-03-24,9.459171295166016,9.783458709716797,5.173196792602539
2023-03-27,9.486045837402344,9.960502624511719,5.232507228851318
2023-03-28,9.56666374206543,9.945106506347656,5.2127366065979
2023-03-29,9.485793113708496,9.99898910522461,5.265456676483154
2023-03-30,9.729020118713379,10.299186706542969,5.377488613128662
2023-03-31,9.323644638061523,10.137541770935059,5.417028427124023
2023-04-03,9.53083610534668,9.883528709411621,5.331358432769775
2023-04-04,9.756044387817383,10.106292724609375,5.370898723602295
2023-04-05,9.720011711120605,10.19109058380127,5.3577189445495605
2023-04-06,9.638936996459961,10.04461669921875,5.351128578186035
2023-04-10,9.82811164855957,10.16025447845459,5.370898723602295
2023-04-11,10.476714134216309,10.692167282104492,5.548830032348633
2023-04-12,10.683904647827148,10.638203620910645,5.660861492156982
2023-04-13,10.575804710388184,10.64591121673584,5.66745138168335
2023-04-14,10.78299617767334,10.630492210388184,5.713581562042236
2023-04-17,10.828039169311523,10.584239959716797,5.687221050262451
2023-04-18,10.710931777954102,10.51485824584961,5.687221050262451
2023-04-19,10.440679550170898,10.322141647338867,5.627910137176514
2023-04-20,10.503737449645996,10.41464614868164,5.621321201324463
2023-04-24,10.593820571899414,10.329850196838379,5.64768123626709
2023-04-25,10.629854202270508,10.561116218566895,5.660861492156982
2023-04-26,10.13439655303955,10.406939506530762,5.588369846343994
2023-04-27,10.34158706665039,10.607368469238281,5.660861492156982
2023-04-28,10.521757125854492,10.676746368408203,5.720171928405762
2023-05-02,10.206463813781738,10.52256965637207,5.522470474243164
2023-05-03,10.368612289428711,10.614413261413574,5.515880584716797
2023-05-04,10.656880378723145,10.861437797546387,5.588369846343994
2023-05-05,11.251431465148926,11.401811599731445,5.759711742401123
2023-05-08,11.206388473510742,11.826387405395508,5.799252510070801
2023-05-09,11.314491271972656,11.71059513092041,5.8322014808654785
2023-05-10,11.305481910705566,11.73375415802002,5.87833309173584
2023-05-11,11.512673377990723,11.888145446777344,5.93105411529541
2023-05-12,11.55771255493164,11.942182540893555,5.904694080352783
2023-05-15,11.710856437683105,12.127449989318848,5.93105411529541
2023-05-16,11.53969955444336,12.135167121887207,5.917872428894043
2023-05-17,11.999125480651855,12.081130027770996,5.9376444816589355
2023-05-18,12.152267456054688,12.119730949401855,5.92446231842041
2023-05-19,12.215326309204102,12.413073539733887,5.884922981262207
2023-05-22,12.062183380126953,12.289563179016113,5.845383167266846
2023-05-23,11.900032043457031,12.389914512634277,5.871743202209473
2023-05-24,11.584739685058594,12.01165771484375,5.865152835845947
2023-05-25,11.873008728027344,12.443953514099121,5.9508233070373535
2023-05-26,12.305407524108887,12.443953514099121,5.917872428894043
2023-05-29,12.188300132751465,12.459391593933105,5.91128396987915
2023-05-30,12.026151657104492,12.119730949401855,5.851973533630371
2023-05-31,11.999125480651855,11.97305965423584,5.78607177734375
2023-06-01,12.881942749023438,12.181488990783691,5.874305725097656
2023-06-02,12.990044593811035,12.196152687072754,6.013068199157715
2023-06-05,13.026076316833496,12.62124252319336,6.006460666656494
2023-06-06,12.981035232543945,12.822189331054688,6.006460666656494
2023-06-07,13.278310775756836,12.814460754394531,6.019676685333252
2023-06-09,13.242277145385742,13.030869483947754,6.09896993637085
2023-06-12,13.422445297241211,12.922663688659668,6.125399112701416
2023-06-13,13.161201477050781,12.93812370300293,6.178262233734131
2023-06-14,13.710711479187012,13.02314281463623,6.25094747543335
2023-06-15,13.251285552978516,13.061783790588379,6.363283157348633
2023-06-16,13.170211791992188,13.100428581237793,6.376495838165283
2023-06-19,13.332362174987793,13.332294464111328,6.455788612365723
2023-06-20,13.269302368164062,13.36320686340332,6.4822211265563965
2023-06-21,13.188226699829102,13.332294464111328,6.53508186340332
2023-06-22,12.791858673095703,12.984496116638184,6.455788612365723
2023-06-23,12.999052047729492,12.822189331054688,6.458730697631836
2023-06-26,12.656734466552734,12.760359764099121,6.458730697631836
2023-06-27,12.665743827819824,12.804864883422852,6.391870498657227
2023-06-28,12.670605659484863,12.59366512298584,6.325009346008301
2023-06-29,13.29732608795166,12.648419380187988,6.418613910675049
2023-06-30,13.270074844360352,12.867443084716797,6.4453582763671875
2023-07-03,13.560728073120117,13.031708717346191,6.545650482177734
2023-07-04,13.388151168823242,12.952594757080078,6.458730697631836
2023-07-05,13.379069328308105,12.976093292236328,6.565708160400391
2023-07-06,12.879512786865234,12.662842750549316,6.4253010749816895
2023-07-07,13.043004989624023,12.748985290527344,6.512217998504639
2023-07-10,12.78868293762207,12.756818771362305,6.498846530914307
2023-07-11,12.65243911743164,12.764647483825684,6.418613910675049
2023-07-12,12.943089485168457,12.647185325622559,6.418613910675049
2023-07-13,13.224661827087402,12.960429191589355,6.498846530914307
2023-07-14,13.124750137329102,12.866454124450684,6.438673496246338
2023-07-17,13.251908302307129,12.999582290649414,6.5322771072387695
2023-07-18,13.360904693603516,12.976093292236328,6.518905162811279
2023-07-19,13.260993957519531,12.929105758666992,6.458730697631836
2023-07-20,13.270074844360352,12.936936378479004,6.498846530914307
2023-07-21,13.778716087341309,13.359809875488281,6.612510681152344
2023-07-24,13.715136528015137,12.999582290649414,6.565708160400391
2023-07-25,13.61522388458252,12.952594757080078,6.619195938110352
2023-07-26,13.578890800476074,13.08572006225586,6.593319892883301
2023-07-27,13.260993957519531,12.788141250610352,6.505946636199951
2023-07-28,13.369987487792969,12.929105758666992,6.593319892883301
2023-07-31,13.533478736877441,13.046568870544434,6.600040912628174
2023-08-01,13.388151168823242,13.015241622924805,6.586597919464111
2023-08-02,13.415399551391602,13.069317817687988,6.620204448699951
2023-08-03,13.506229400634766,12.975241661071777,6.613483428955078
2023-08-04,13.360904693603516,12.112834930419922,6.559715747833252
2023-08-07,13.288241386413574,12.026597023010254,6.559715747833252
2023-08-08,13.16108226776123,12.081476211547852,6.49922513961792
2023-08-09,12.988503456115723,12.018756866455078,6.391689300537109
2023-08-10,12.961257934570312,12.12067699432373,6.398408889770508
2023-08-11,12.89767837524414,12.050114631652832,6.45217752456665
2023-08-14,12.81593132019043,11.987395286560059,6.425294876098633
2023-08-15,12.734186172485352,12.018756866455078,6.405131816864014
2023-08-16,12.543445587158203,11.956036567687988,6.3580851554870605
2023-08-17,12.198298454284668,11.830596923828125,6.304315090179443
2023-08-18,12.40720272064209,11.9089937210083,6.3402018547058105
2023-08-21,12.243711471557617,11.82275676727295,6.24547004699707
2023-08-22,12.588858604431152,11.901155471801758,6.346969127655029
2023-08-23,12.89767837524414,12.065797805786133,6.4687652587890625
2023-08-24,12.434450149536133,11.775715827941895,6.387566566467285
2023-08-25,12.25279426574707,11.62675666809082,6.319901943206787
2023-08-28,12.289125442504883,12.003076553344727,6.421398639678955
2023-08-29,12.325456619262695,12.144196510314941,6.482298851013184
2023-08-30,12.007555961608887,11.88547420501709,6.387566566467285
2023-08-31,11.74415397644043,11.72083568572998,6.252236366271973
2023-09-01,11.789566040039062,11.752197265625,6.319901943206787
2023-09-04,11.862231254577637,11.696441650390625,6.252236366271973
2023-09-05,11.598827362060547,11.44524097442627,6.171039581298828
2023-09-06,11.389921188354492,11.28824234008789,6.096607685089111
2023-09-08,11.389921188354492,11.28824234008789,6.096607685089111
2023-09-11,11.725987434387207,11.50019359588623,6.24547004699707
2023-09-12,11.953057289123535,11.64148998260498,6.272534370422363
2023-09-13,11.998472213745117,11.688590049743652,6.272534370422363
2023-09-14,12.080218315124512,11.735689163208008,6.319901943206787
2023-09-15,11.989389419555664,11.712141990661621,6.313136100769043
2023-09-18,11.88039493560791,11.712141990661621,6.3266682624816895
2023-09-19,11.735069274902344,11.578691482543945,6.29960298538208
2023-09-20,11.925810813903809,11.625791549682617,6.353733062744141
2023-09-21,11.435335159301758,11.194042205810547,6.22517204284668
2023-09-22,11.2940092086792,11.107691764831543,6.174798488616943
2023-09-25,11.303169250488281,11.076292991638184,6.2090654373168945
2023-09-26,11.055852890014648,10.95854663848877,6.10626745223999
2023-09-27,11.01921558380127,10.927143096923828,6.078854084014893
2023-09-28,11.18409252166748,11.18619441986084,6.181653022766113
2023-09-29,11.257369041442871,11.225443840026855,6.202213287353516
2023-10-02,10.99173641204834,11.068445205688477,6.099412441253662
2023-10-03,10.524587631225586,10.934008598327637,6.037734508514404
2023-10-04,10.863496780395508,11.303458213806152,6.092559814453125
2023-10-05,10.744420051574707,11.350618362426758,6.1131205558776855
2023-10-06,10.845178604125977,11.374199867248535,6.161093235015869
2023-10-09,10.790221214294434,11.272014617919922,6.092559814453125
2023-10-10,11.0375337600708,11.397780418395996,6.174798488616943
2023-10-11,11.01921558380127,11.562851905822754,6.270745754241943
2023-10-13,10.625345230102539,11.389920234680176,6.126826763153076
2023-10-16,10.753582954406738,11.507827758789062,6.18850564956665
2023-10-17,10.32307243347168,11.389920234680176,6.05829381942749
2023-10-18,10.19483470916748,11.28773307800293,5.9966139793396
2023-10-19,10.075756072998047,11.342756271362305,6.030880451202393
2023-10-20,10.213155746459961,11.130521774291992,6.025022029876709
2023-10-23,10.359710693359375,11.146244049072266,6.018128395080566
2023-10-24,10.625345230102539,11.146244049072266,6.052595615386963
2023-10-25,10.570384979248047,11.114802360534668,6.004340648651123
2023-10-26,10.744420051574707,11.397780418395996,6.13532018661499
2023-10-27,10.258953094482422,11.279874801635742,6.018128395080566
2023-10-30,10.149036407470703,11.154104232788086,5.956084728240967
2023-10-31,10.167357444763184,10.996891975402832,5.956084728240967
2023-11-01,10.579545974731445,11.099081039428711,6.025022029876709
2023-11-03,11.18409252166748,11.625639915466309,6.245617389678955
2023-11-06,11.211569786071777,11.617768287658691,6.286978721618652
2023-11-07,11.413084983825684,11.9247407913208,6.4179582595825195
2023-11-08,11.422245025634766,11.987709999084473,6.42485237121582
2023-11-09,11.321488380432129,12.011321067810059,6.4317450523376465
2023-11-10,11.871075630187988,11.838160514831543,6.507575035095215
2023-11-13,11.385605812072754,11.602025032043457,6.507575035095215
2023-11-14,11.596280097961426,11.846030235290527,6.679914951324463
2023-11-16,11.83443546295166,12.255329132080078,6.804000377655029
2023-11-17,11.660399436950684,12.145133018493652,6.783318042755127
2023-11-20,12.008471488952637,12.176616668701172,6.852254867553711
2023-11-21,11.761157035827637,12.129393577575684,6.852254867553711
2023-11-22,11.926033020019531,12.381267547607422,6.824679851531982
2023-11-23,12.063431739807129,12.711854934692383,6.866041660308838
2023-11-24,11.83443546295166,12.71972370147705,6.824679851531982
2023-11-27,11.83443546295166,12.64101505279541,6.872936248779297
2023-11-28,12.109228134155273,12.759077072143555,6.890860557556152
2023-11-29,12.13670825958252,12.696109771728516,6.912575721740723
2023-11-30,12.182507514953613,12.806305885314941,7.057340621948242
2023-12-01,12.393183708190918,12.845661163330078,7.074413299560547
2023-12-04,12.402342796325684,12.750289916992188,7.0671586990356445
2023-12-05,12.319904327392578,12.868494033813477,7.132458209991455
2023-12-06,12.118388175964355,12.73453140258789,7.001854419708252
2023-12-07,12.173346519470215,12.766050338745117,7.059902191162109
2023-12-08,12.402342796325684,12.97093677520752,7.1542277336120605
2023-12-11,12.759573936462402,12.868494033813477,7.088923931121826
2023-12-12,12.686296463012695,12.805451393127441,7.0526442527771
2023-12-13,13.217562675476074,13.364952087402344,7.263062477111816
2023-12-14,13.583954811096191,13.59347915649414,7.350133895874023
2023-12-15,13.437397956848145,13.727447509765625,7.357389450073242
2023-12-18,13.50151538848877,13.829890251159668,7.357389450073242
2023-12-19,13.32748031616211,13.829890251159668,7.400831699371338
2023-12-20,12.97940731048584,13.601362228393555,7.32769775390625
2023-12-21,13.27252197265625,13.609237670898438,7.386202335357666
2023-12-22,13.290840148925781,13.813565254211426,7.495899677276611
2023-12-26,13.428238868713379,13.85460376739502,7.517838954925537
2023-12-27,13.354959487915039,13.936686515808105,7.576343536376953
2023-12-28,13.32748031616211,14.026965141296387,7.583657741546631
2024-01-02,13.069700241088867,13.747903823852539,7.437396049499512
2024-01-03,13.032806396484375,13.763494491577148,7.4227681159973145
2024-01-04,12.654643058776855,13.574506759643555,7.32769775390625
2024-01-05,12.885231971740723,13.870319366455078,7.481272220611572
2024-01-08,13.171157836914062,13.763494491577148,7.430083274841309
2024-01-09,12.968243598937988,13.393731117248535,7.44470739364624
2024-01-10,12.839115142822266,13.163654327392578,7.4227681159973145
2024-01-11,12.866783142089844,13.097916603088379,7.386202335357666
2024-01-12,13.005138397216797,12.991100311279297,7.4227681159973145
2024-01-15,13.032806396484375,13.040398597717285,7.4739580154418945
2024-01-16,12.894454002380371,12.925363540649414,7.349637508392334
2024-01-17,12.663865089416504,12.950010299682617,7.371579170227051
2024-01-18,12.774548530578613,12.876057624816895,7.305758476257324
2024-01-19,12.719207763671875,12.851409912109375,7.342323303222656
2024-01-22,12.433279037475586,12.703503608703613,7.247257709503174
2024-01-23,12.663865089416504,12.637765884399414,7.349637508392334
2024-01-24,12.571633338928223,12.588464736938477,7.283821105957031
2024-01-25,12.387163162231445,12.621332168579102,7.269191741943359
2024-01-26,12.193467140197754,12.75280475616455,7.320384979248047
2024-01-29,12.184243202209473,12.637765884399414,7.261880874633789
2024-01-30,11.990550994873047,12.547375679016113,7.232628345489502
2024-01-31,12.073562622070312,12.613114356994629,7.313072204589844
2024-02-01,12.258031845092773,12.588464736938477,7.305758476257324
2024-02-02,12.147351264953613,12.604076385498047,7.298445224761963
2024-02-05,12.055115699768066,12.859118461608887,7.4227681159973145
2024-02-06,12.184243202209473,13.65715503692627,7.715292453765869
2024-02-07,12.387163162231445,11.485174179077148,7.656787395477295
2024-02-08,12.1381254196167,11.156085968017578,7.554405212402344
2024-02-09,12.211915969848633,11.07381534576416,7.583657741546631
2024-02-14,11.861422538757324,10.999772071838379,7.576343536376953
2024-02-15,11.704622268676758,11.049135208129883,7.620222091674805
2024-02-16,11.741515159606934,11.0902681350708,7.649472713470459
2024-02-19,11.704622268676758,11.230132102966309,7.707978248596191
2024-02-20,11.935211181640625,11.493402481079102,7.941996097564697
2024-02-21,11.815306663513184,11.452263832092285,7.839613437652588
2024-02-22,11.667728424072266,11.518085479736328,7.861553192138672
2024-02-23,11.483259201049805,11.36999225616455,7.764125347137451
2024-02-26,11.5109281539917,11.353543281555176,7.756601810455322
2024-02-27,11.759963989257812,11.534540176391602,7.899547576904297
2024-02-28,11.66436767578125,11.485174179077148,7.929640293121338
2024-02-29,11.896170616149902,11.312405586242676,7.749079704284668
2024-03-01,11.516013145446777,11.353543281555176,7.766822814941406
2024-03-04,11.40474796295166,11.245595932006836,7.744197845458984
2024-03-05,11.302753448486328,11.303264617919922,7.751740455627441
2024-03-06,11.358386993408203,11.385651588439941,7.849767684936523
2024-03-07,11.42329216003418,11.33621883392334,7.7894439697265625
2024-03-08,11.5531005859375,11.402125358581543,7.864847183227539
2024-03-11,11.66436767578125,11.468033790588379,7.872389793395996
2024-03-12,11.8868989944458,11.608091354370117,7.97041654586792
2024-03-13,11.831267356872559,11.731668472290039,8.068446159362793
2024-03-14,11.59946346282959,11.805814743041992,8.068446159362793
2024-03-15,11.432563781738281,11.624567985534668,8.038283348083496
2024-03-18,11.460379600524902,11.698715209960938,8.030741691589355
2024-03-19,11.414020538330078,11.632805824279785,7.985501289367676
2024-03-20,11.82199478149414,11.781102180480957,8.091069221496582
2024-03-21,11.497468948364258,11.649283409118652,7.977958679199219
2024-03-22,11.126583099365234,11.500988960266113,7.856503963470459
2024-03-25,11.03386116027832,11.484512329101562,7.780594825744629
2024-03-26,11.03386116027832,11.649283409118652,7.886868000030518
2024-03-27,11.194469451904297,11.83052921295166,7.9551849365234375
2024-03-28,11.166529655456543,11.748147964477539,7.970365524291992
2024-04-01,10.961642265319824,11.641042709350586,7.757822513580322
2024-04-02,10.924386024475098,11.706199645996094,7.72745943069458
2024-04-03,10.896448135375977,11.93718433380127,7.72745943069458
2024-04-04,11.138591766357422,12.011431694030762,7.628779411315918
2024-04-05,11.175844192504883,11.978432655334473,7.583236217498779
2024-04-08,11.296916961669922,12.06092643737793,7.6667327880859375
2024-04-09,11.539060592651367,12.135174751281738,7.750232696533203
2024-04-10,11.138591766357422,11.879437446594238,7.598415374755859
2024-04-11,11.15721607208252,11.871186256408691,7.598415374755859
2024-04-12,10.90576171875,11.722694396972656,7.514917373657227
2024-04-15,10.691556930541992,11.549452781677246,7.385873794555664
2024-04-16,10.551858901977539,11.466959953308105,7.279601573944092
2024-04-17,10.468039512634277,11.409211158752441,7.249239444732666
2024-04-18,10.374909400939941,11.359710693359375,7.241645812988281
2024-04-19,10.412161827087402,11.252467155456543,7.234055995941162
2024-04-22,10.495980262756348,11.202972412109375,7.226465225219727
2024-04-23,10.328343391418457,11.277217864990234,7.279601573944092
2024-04-24,10.188643455505371,11.277217864990234,7.264420509338379
2024-04-25,10.086199760437012,11.268965721130371,7.226465225219727
2024-04-26,10.449416160583496,11.450458526611328,7.3555097579956055
2024-04-29,10.374909400939941,11.59895133972168,7.332737445831299
2024-04-30,10.04894733428955,11.549452781677246,7.256829738616943
2024-05-02,10.300403594970703,11.417458534240723,7.370690822601318
2024-05-03,10.607738494873047,11.383569717407227,7.454189300537109
2024-05-06,10.719497680664062,11.375308990478516,7.4617791175842285
2024-05-07,10.784689903259277,11.375308990478516,7.575643539428711
2024-05-08,10.868508338928223,11.400090217590332,7.659144401550293
2024-05-09,10.440101623535156,11.110958099365234,7.537689208984375
2024-05-10,10.188643455505371,11.04487133026123,7.621188640594482
2024-05-13,10.458727836608887,11.094437599182129,7.681914806365967
2024-05-14,10.682245254516602,11.086175918579102,7.803369998931885
2024-05-15,10.719497680664062,10.978779792785645,7.795778274536133
2024-05-16,10.784689903259277,11.036613464355469,7.833732604980469
2024-05-17,10.635677337646484,11.094437599182129,7.788186073303223
2024-05-20,10.644991874694824,11.011825561523438,7.750232696533203
2024-05-21,10.626365661621094,11.069652557373047,7.742642402648926
2024-05-22,10.300403594970703,10.82182502746582,7.681914806365967
2024-05-23,10.346967697143555,10.640087127685547,7.613598823547363
2024-05-24,10.374909400939941,10.714431762695312,7.560463905334473
2024-05-27,10.33765697479248,10.681390762329102,7.568053245544434
2024-05-28,10.30971622467041,10.673128128051758,7.568053245544434
2024-05-29,10.132765769958496,10.565738677978516,7.492145538330078
2024-05-31,9.965127944946289,10.466606140136719,7.385873794555664
2024-06-03,9.955814361572266,10.53269100189209,7.4418230056762695
2024-06-04,9.974440574645996,10.631124496459961,7.479866981506348
2024-06-05,10.002379417419434,10.573210716247559,7.517916202545166
2024-06-06,10.319029808044434,10.796589851379395,7.563570976257324
2024-06-07,10.011693000793457,10.713858604431152,7.380948066711426
2024-06-10,9.769550323486328,10.639397621154785,7.320075035095215
2024-06-11,9.825430870056152,10.697312355041504,7.426605224609375
2024-06-12,9.685731887817383,10.498750686645508,7.358121871948242
2024-06-13,9.387709617614746,10.507024765014648,7.282029628753662
2024-06-14,9.657792091369629,10.614575386047363,7.282029628753662
2024-06-17,9.834742546081543,10.730400085449219,7.335294246673584
2024-06-18,9.881308555603027,10.564051628112793,7.3885579109191895
2024-06-19,9.821297645568848,10.615251541137695,7.4646525382995605
2024-06-20,9.689846992492676,10.589654922485352,7.4570417404174805
2024-06-21,9.755573272705078,10.581117630004883,7.437526702880859
2024-06-24,9.868245124816895,10.615251541137695,7.5911946296691895
2024-06-25,9.689846992492676,10.529919624328613,7.606560230255127
2024-06-26,9.595952987670898,10.55551815032959,7.568143844604492
2024-06-27,9.764961242675781,10.598185539245605,7.560460567474365
2024-06-28,9.61473274230957,10.564051628112793,7.545092582702637
2024-07-01,9.8306884765625,10.470187187194824,7.49130916595459
2024-07-02,9.811908721923828,10.452218055725098,7.552774429321289
2024-07-03,9.793129920959473,10.48640251159668,7.660344123840332
2024-07-04,9.933971405029297,10.529136657714844,7.683394908905029
2024-07-05,9.877634048461914,10.648787498474121,7.6449785232543945
2024-07-08,10.037252426147461,10.648787498474121,7.614243984222412
2024-07-09,9.971528053283691,10.648787498474121,7.660344123840332
2024-07-10,10.074810981750488,10.828259468078613,7.767911434173584
2024-07-11,10.375271797180176,10.828259468078613,7.806328296661377
2024-07-12,10.807184219360352,10.802619934082031,7.84474515914917
2024-07-15,10.760236740112305,10.776982307434082,7.8524274826049805
2024-07-16,10.779014587402344,10.811166763305664,7.875478744506836
2024-07-17,10.78840446472168,10.939364433288574,7.959996223449707
2024-07-18,10.487944602966309,10.73425006866455,7.883162021636963
2024-07-19,10.487944602966309,10.674426078796387,7.959996223449707
2024-07-22,10.600616455078125,10.794073104858398,7.983047962188721
2024-07-23,10.497334480285645,10.717157363891602,7.8908467292785645
2024-07-24,10.35649299621582,10.72570514678955,7.875478744506836
2024-07-25,10.234429359436035,10.554776191711426,7.806328296661377
2024-07-26,10.281377792358398,10.640238761901855,7.906213283538818
2024-07-29,10.187484741210938,10.682971000671387,7.936945915222168
2024-07-30,10.10297966003418,10.597506523132324,7.875478744506836
2024-07-31,10.187484741210938,10.623147964477539,7.814011096954346
2024-08-01,10.206262588500977,10.75989055633545,7.668027877807617
2024-08-02,10.196873664855957,10.827486991882324,7.560460567474365
2024-08-05,10.196873664855957,11.649177551269531,7.545092582702637
2024-08-06,10.225041389465332,12.034342765808105,7.706445693969727
2024-08-07,10.45977783203125,12.060019493103027,7.744861125946045
2024-08-08,10.656952857971191,12.196968078613281,7.744861125946045
2024-08-09,11.286042213439941,12.496543884277344,7.9523138999938965
2024-08-12,11.455050468444824,12.582136154174805,7.990729331970215
2024-08-13,11.868184089660645,12.736204147338867,8.175130844116211
2024-08-14,11.924522399902344,12.847475051879883,8.344167709350586
2024-08-15,11.93390941619873,12.975865364074707,8.45173454284668
2024-08-16,11.727343559265137,12.813238143920898,8.405633926391602
2024-08-19,12.009024620056152,13.386712074279785,8.482466697692871
2024-08-20,12.11230754852295,13.438065528869629,8.505518913269043
2024-08-21,12.168644905090332,13.37814998626709,8.467103004455566
2024-08-22,11.774291038513184,13.283997535705566,8.421000480651855
2024-08-23,11.962078094482422,13.403826713562012,8.421000480651855
2024-08-26,12.018415451049805,13.361029624938965,8.41331672668457
2024-08-27,11.877573013305664,13.198407173156738,8.41331672668457
2024-08-28,11.924522399902344,13.412385940551758,8.566984176635742
2024-08-29,11.774291038513184,13.37814998626709,8.459417343139648
2024-08-30,11.905742645263672,13.386712074279785,8.421000480651855
2024-09-02,11.671006202697754,13.352474212646484,8.369817733764648
2024-09-03,11.40810489654541,13.497278213500977,8.500716209411621
2024-09-04,11.783679008483887,13.600114822387695,8.570016860961914
2024-09-05,11.821236610412598,13.720091819763184,8.647016525268555
2024-09-06,11.483220100402832,13.454429626464844,8.56231689453125
2024-09-09,11.548945426940918,13.497278213500977,8.654716491699219
2024-09-10,11.680397033691406,13.540127754211426,8.647016525268555
2024-09-11,11.389326095581055,13.38587474822998,8.647016525268555
2024-09-12,11.314210891723633,13.325884819030762,8.623916625976562
2024-09-13,11.389326095581055,13.325884819030762,8.623916625976562
2024-09-16,11.41749382019043,13.223047256469727,8.623916625976562
2024-09-17,11.511387825012207,13.13735294342041,8.585415840148926
2024-09-18,11.389326095581055,13.060222625732422,8.546918869018555
2024-09-19,11.267263412475586,12.880263328552246,8.577716827392578
2024-09-20,10.891688346862793,12.640308380126953,8.483675956726074
2024-09-23,10.516112327575684,12.314661026000977,8.429542541503906
2024-09-24,10.563060760498047,12.297521591186523,8.437274932861328
2024-09-25,10.218034744262695,12.374648094177246,8.506876945495605
2024-09-26,10.274852752685547,12.691726684570312,8.646080017089844
2024-09-27,10.161213874816895,12.80313491821289,8.62287712097168
2024-09-30,10.142274856567383,12.59745979309082,8.561012268066406
2024-10-01,10.142274856567383,12.760354995727539,8.421809196472168
2024-10-02,10.36008358001709,13.220439910888672,8.452740669250488
2024-10-03,10.151744842529297,13.081275939941406,8.197537422180176
2024-10-04,10.180154800415039,13.098672866821289,8.213004112243652
2024-10-07,9.99075698852539,13.220439910888672,8.243936538696289
2024-10-08,10.132805824279785,13.237835884094238,8.243936538696289
2024-10-09,10.113865852355957,12.976905822753906,8.097000122070312
2024-10-10,10.180154800415039,13.046486854553223,8.135669708251953
2024-10-11,10.123334884643555,12.872535705566406,8.097000122070312
2024-10-14,10.303263664245605,13.063880920410156,8.16660213470459
2024-10-15,10.26538372039795,13.17695140838623,8.205270767211914
2024-10-16,10.397961616516113,13.13346004486084,8.182068824768066
2024-10-17,10.151744842529297,13.220439910888672,8.182068824768066
2024-10-18,10.085454940795898,13.324810028076172,8.205270767211914
2024-10-21,10.274852752685547,13.290019989013672,8.213004112243652
2024-10-22,10.047574996948242,13.203044891357422,8.220736503601074
2024-10-23,10.057045936584473,13.150859832763672,8.251669883728027
2024-10-24,10.208562850952148,13.17695140838623,8.321271896362305
2024-10-25,10.142274856567383,12.985605239868164,8.236204147338867
2024-10-28,10.31273365020752,13.220439910888672,8.32900619506836
2024-10-29,10.255913734436035,13.029090881347656,8.274871826171875
2024-10-30,10.208562850952148,13.07258129119873,8.251669883728027
2024-10-31,10.057045936584473,12.498534202575684,8.205270767211914
2024-11-01,9.867648124694824,12.272396087646484,8.127935409545898
2024-11-04,10.284322738647461,12.288919448852539,8.251669883728027
2024-11-05,10.388492584228516,12.13215160369873,8.553277969360352
2024-11-06,10.085454940795898,12.027639389038086,8.537810325622559
2024-11-07,10.142274856567383,11.89699649810791,8.421809196472168
2024-11-08,9.76347827911377,11.766358375549316,8.26713752746582
2024-11-11,9.621430397033691,11.72281265258789,8.236204147338867
2024-11-12,9.76347827911377,11.661849021911621,8.182068824768066
2024-11-13,9.687718391418457,11.740232467651367,8.127935409545898
2024-11-14,9.72559928894043,11.783777236938477,8.058333396911621
2024-11-18,9.469910621643066,11.949254035949707,7.9655327796936035
2024-11-19,9.488850593566895,12.036348342895508,8.042864799499512
2024-11-21,9.299452781677246,11.992802619934082,7.89592981338501
2024-11-22,9.488850593566895,12.018930435180664,7.9423298835754395
2024-11-25,9.60249137878418,11.844742774963379,7.888195037841797
2024-11-26,9.64037036895752,11.923127174377441,8.073800086975098
2024-11-27,9.242632865905762,11.60088062286377,7.795392990112305
2024-11-28,8.664968490600586,11.11315631866455,7.5633864402771
2024-11-29,8.76913833618164,10.999933242797852,7.540185451507568
2024-12-02,8.873306274414062,10.764781951904297,7.442142486572266
2024-12-03,8.958536148071289,10.728996276855469,7.4886555671691895
2024-12-04,9.062705993652344,10.851117134094238,7.53749418258667
2024-12-05,9.261571884155273,10.999399185180664,7.708431243896484
2024-12-06,9.403621673583984,10.746440887451172,7.545634746551514
2024-12-09,9.469910621643066,10.676657676696777,7.57005500793457
2024-12-10,9.621430397033691,10.886007308959961,7.692152976989746
2024-12-11,9.839238166809082,11.077906608581543,7.7816901206970215
2024-12-12,9.735067367553711,10.694107055664062,7.5344462394714355
2024-12-13,9.678248405456543,10.55454158782959,7.509876728057861
2024-12-16,9.583550453186035,10.380084991455078,7.3952226638793945
2024-12-17,9.583550453186035,10.458592414855957,7.403412818908691
2024-12-18,9.337332725524902,10.022451400756836,7.124965190887451
2024-12-19,9.450969696044922,10.031174659729004,7.190481662750244
2024-12-20,9.72559928894043,10.257966995239258,7.3051371574401855
2024-12-23,9.7161283493042,10.07479190826416,7.206860542297363
2024-12-26,9.782418251037598,10.15329360961914,7.288757801055908
2024-12-27,9.810827255249023,10.07479190826416,7.231430530548096
2024-12-30,9.772947311401367,10.083512306213379,7.231430530548096
2025-01-02,9.71961784362793,10.203424453735352,7.108586311340332
2025-01-03,9.62432861328125,10.041129112243652,6.98574161529541
2025-01-06,9.891140937805176,10.238368034362793,7.21505069732666
2025-01-07,9.824437141418457,10.381813049316406,7.272378444671631
2025-01-08,9.814908027648926,10.220436096191406,7.13315486907959
2025-01-09,9.71961784362793,10.148714065551758,7.190481662750244
2025-01-10,9.338457107543945,10.023200035095215,7.0922064781188965
2025-01-13,9.328926086425781,10.059062957763672,7.141343593597412
2025-01-14,9.376572608947754,10.247336387634277,7.124965190887451
2025-01-15,10.005488395690918,10.60594654083252,7.427981376647949
2025-01-16,9.786321640014648,10.516289710998535,7.3706536293029785
2025-01-17,9.862553596496582,10.390776634216309,7.411602020263672
2025-01-20,9.833965301513672,10.426640510559082,7.468929290771484
2025-01-21,9.881610870361328,10.435606002807617,7.5344462394714355
2025-01-22,9.938785552978516,10.292156219482422,7.5262556076049805
2025-01-23,9.862553596496582,10.211472511291504,7.509876728057861
2025-01-24,9.881610870361328,10.130783081054688,7.4934983253479
2025-01-27,10.062662124633789,10.381813049316406,7.681858539581299
2025-01-28,10.05313491821289,10.426640510559082,7.681858539581299
2025-01-29,10.05313491821289,10.319055557250977,7.673668384552002
2025-01-30,10.567702293395996,10.883867263793945,7.853839874267578
2025-01-31,10.662992477416992,10.839042663574219,7.804704189300537
2025-02-03,10.634406089782715,10.821112632751465,7.722807884216309
2025-02-04,10.548644065856934,10.80223274230957,7.739187240600586
2025-02-05,10.472412109375,11.053655624389648,7.8292717933654785
2025-02-06,10.691579818725586,11.206306457519531,7.878410816192627
2025-02-07,10.443824768066406,10.766314506530762,7.796513080596924
2025-02-10,10.577230453491211,10.775294303894043,7.837461471557617
2025-02-11,10.653465270996094,11.026716232299805,7.943926811218262
2025-02-12,10.52005672454834,10.523869514465332,7.739187240600586
2025-02-13,10.64393424987793,10.667539596557617,7.804704189300537
2025-02-14,11.044153213500977,10.945905685424805,8.034011840820312
2025-02-17,11.034625053405762,10.963861465454102,8.099529266357422
2025-02-18,10.97745132446289,10.954883575439453,8.068699836730957
2025-02-19,10.834514617919922,10.757332801818848,7.9898529052734375
2025-02-20,10.758282661437988,10.730396270751953,7.963569164276123
2025-02-21,10.691579818725586,10.631624221801758,7.954808712005615
2025-02-24,10.329476356506348,10.443058013916016,7.8672003746032715
2025-02-25,10.291358947753906,10.568770408630371,7.91100549697876
2025-02-26,10.138896942138672,10.362242698669434,7.875962257385254
2025-02-27,10.196070671081543,10.299386978149414,7.902244567871094
2025-02-28,9.910199165344238,10.09285831451416,7.700746536254883
2025-03-05,10.034075736999512,10.299386978149414,7.777426719665527
2025-03-06,10.138896942138672,10.388760566711426,7.81265926361084
2025-03-07,10.196070671081543,10.514683723449707,7.89193058013916
2025-03-10,9.97690200805664,10.361773490905762,7.89193058013916
2025-03-11,9.910199165344238,10.298812866210938,7.81265926361084
2025-03-12,10.005488395690918,10.298812866210938,7.7862348556518555
2025-03-13,11.053682327270508,10.478705406188965,7.909547328948975
2025-03-14,12.263870239257812,10.910446166992188,8.156169891357422
2025-03-17,11.835063934326172,11.072348594665527,8.376368522644043
2025-03-18,11.472960472106934,11.063353538513184,8.438023567199707
2025-03-19,11.76836109161377,11.162294387817383,8.499679565429688
2025-03-20,11.81600570678711,11.10832691192627,8.429214477539062
2025-03-21,11.96847152709961,11.261234283447266,8.420408248901367
2025-03-24,11.81600570678711,11.378164291381836,8.438023567199707
2025-03-25,11.806476593017578,11.567051887512207,8.55252742767334
2025-03-26,11.857073783874512,11.755936622619629,8.49087142944336
2025-03-27,11.86665153503418,11.710965156555176,8.561334609985352
2025-03-28,11.722987174987793,11.549060821533203,8.47325611114502
2025-03-31,11.62721061706543,11.396153450012207,8.323517799377441
2025-04-01,11.742142677307129,11.412480354309082,8.314711570739746
2025-04-02,11.895383834838867,11.439058303833008,8.323517799377441
2025-04-03,12.192289352416992,11.659217834472656,8.47325611114502
2025-04-04,11.54101276397705,11.530791282653809,8.226632118225098
2025-04-07,11.445237159729004,11.338150024414062,8.279480934143066
2025-04-08,11.24410629272461,11.026262283325195,8.261865615844727
2025-04-09,11.655943870544434,11.439058303833008,8.455639839172363
2025-04-10,11.359037399291992,11.4207124710083,8.411600112915039
2025-04-11,11.43565845489502,11.576655387878418,8.499679565429688
2025-04-14,11.655943870544434,11.677562713623047,8.614182472229004
2025-04-15,11.742142677307129,11.686735153198242,8.728686332702637
2025-04-16,11.550590515136719,11.668392181396484,8.711071014404297
2025-04-17,11.665521621704102,11.723426818847656,8.76391887664795
2025-04-22,11.895383834838867,11.677562713623047,8.957694053649902
2025-04-23,12.115668296813965,12.062837600708008,9.107427597045898
2025-04-24,12.709481239318848,12.255476951599121,9.301204681396484
2025-04-25,12.824411392211914,12.273823738098145,9.310011863708496
2025-04-28,12.853144645690918,12.246306419372559,9.362859725952148
2025-04-29,12.67116928100586,12.383905410766602,9.362859725952148
2025-04-30,12.920186996459961,12.594889640808105,9.424515724182129
2025-05-02,12.747791290283203,12.328865051269531,9.2747802734375
2025-05-05,12.65201473236084,12.217689514160156,9.230740547180176
2025-05-06,12.604126930236816,12.16257095336914,9.204317092895508
2025-05-07,12.594548225402832,11.978845596313477,9.283588409423828
2025-05-08,13.648085594177246,13.852838516235352,9.336435317993164
2025-05-09,13.916257858276367,13.889583587646484,9.732794761657715
2025-05-12,13.753438949584961,13.68748664855957,9.512594223022461
2025-05-13,14.318517684936523,13.9814453125,9.66232967376709
2025-05-14,14.031189918518066,13.96307373046875,9.688754081726074
2025-05-15,14.14612102508545,14.100865364074707,9.812067031860352
2025-05-16,14.14612102508545,14.146798133850098,9.882530212402344
2025-05-19,14.194007873535156,14.275404930114746,9.988225936889648
2025-05-20,14.318517684936523,14.41319751739502,10.005839347839355
2025-05-21,13.88752555847168,14.155983924865723,9.85610580444336
2025-05-22,13.734283447265625,14.192727088928223,9.732794761657715
2025-05-23,13.782173156738281,14.367267608642578,9.812067031860352
2025-05-26,13.724705696105957,14.440757751464844,9.85610580444336
2025-05-27,13.772595405578613,14.734718322753906,9.944186210632324
2025-05-28,13.69597339630127,14.83576488494873,9.838489532470703
2025-05-29,13.504422187805176,14.771461486816406,9.768028259277344
2025-05-30,13.360756874084473,14.881697654724121,9.750410079956055
2025-06-02,13.130894660949707,14.918441772460938,9.709391593933105
2025-06-03,13.581042289733887,15.175015449523926,9.691737174987793
2025-06-04,13.360756874084473,15.1290283203125,9.665257453918457
2025-06-05,13.006386756896973,14.687575340270996,9.559338569641113
2025-06-06,12.996808052062988,14.678376197814941,9.5416841506958
2025-06-09,12.604126930236816,14.568011283874512,9.515204429626465
2025-06-10,12.584972381591797,14.558815002441406,9.44459056854248
2025-06-11,12.680746078491211,15.009468078613281,9.532858848571777
2025-06-12,12.43172836303711,15.15661907196045,9.550511360168457
2025-06-13,12.498772621154785,14.981878280639648,9.45341682434082
2025-06-16,12.901032447814941,15.303771018981934,9.576990127563477
2025-06-17,12.958498001098633,15.533699035644531,9.621123313903809
2025-06-18,13.207514762878418,15.41413688659668,9.603469848632812
2025-06-20,13.044696807861328,15.285378456115723,9.5416841506958
2025-06-23,12.833989143371582,15.165817260742188,9.46100902557373
2025-06-24,13.019673347473145,15.211801528930664,9.66513729095459
2025-06-25,13.106342315673828,15.083046913146973,9.532010078430176
2025-06-26,13.578210830688477,15.22099781036377,9.532010078430176
2025-06-27,13.5974702835083,15.239392280578613,9.505383491516113
2025-06-30,14.040446281433105,15.478514671325684,9.718390464782715
2025-07-01,13.963407516479492,15.616289138793945,9.762765884399414
2025-07-02,13.915257453918457,15.334144592285156,9.65626335144043
2025-07-03,14.07896614074707,15.699687957763672,9.860392570495605
2025-07-04,14.16563606262207,15.624700546264648,9.869269371032715
2025-07-07,14.107856750488281,15.474736213684082,9.718390464782715
2025-07-08,14.050076484680176,15.512227058410645,9.691763877868652
2025-07-09,13.944147109985352,15.334144592285156,9.496508598327637
2025-07-10,13.568580627441406,15.127936363220215,9.36337947845459
2025-07-11,13.221901893615723,15.043580055236816,9.301252365112305
2025-07-14,13.106342315673828,15.099818229675293,9.248001098632812
2025-07-15,13.221901893615723,15.090446472167969,9.256875991821289
2025-07-16,13.173752784729004,15.052952766418457,9.310129165649414
2025-07-17,13.231531143188477,15.024833679199219,9.46100902557373
2025-07-18,12.49002742767334,14.687408447265625,9.274628639221191
2025-07-21,12.615217208862305,14.69678020477295,9.372254371643066
2025-07-22,12.586325645446777,14.64991569519043,9.23025131225586
2025-07-23,12.894484519958496,14.884241104125977,9.354503631591797
2025-07-24,12.634476661682129,14.69678020477295,9.23025131225586
2025-07-25,12.586325645446777,14.584305763244629,9.265752792358398
2025-07-28,12.23001766204834,14.471830368041992,9.097123146057129
2025-07-29,12.239648818969727,14.443711280822754,9.123748779296875
2025-07-30,12.278169631958008,14.678035736083984,9.23025131225586
2025-07-31,12.114459991455078,14.556185722351074,9.185873985290527
2025-08-01,12.124089241027832,14.584305763244629,9.17699909210205
2025-08-04,12.210758209228516,14.69595718383789,9.248001098632812
2025-08-05,12.114459991455078,14.724109649658203,9.345630645751953
2025-08-06,12.24927806854248,14.705341339111328,9.505383491516113
2025-08-07,12.432247161865234,14.817954063415527,9.647388458251953
2025-08-08,12.403358459472656,14.97748851776123,9.682888984680176
2025-08-11,12.287798881530762,14.921181678771973,9.682888984680176
2025-08-12,12.181868553161621,15.26840591430664,9.895895004272461
2025-08-13,12.23001766204834,15.1370210647583,9.780516624450684
2025-08-14,12.374467849731445,15.02441120147705,9.780516624450684
2025-08-15,12.663365364074707,15.04317855834961,9.78939151763916
2025-08-18,12.672996520996094,15.343480110168457,9.851517677307129
2025-08-19,12.066309928894043,14.817954063415527,9.549946784973145
2025-08-20,11.873710632324219,14.864875793457031,9.577025413513184
2025-08-21,11.796671867370605,14.817954063415527,9.567997932434082
2025-08-22,12.095200538635254,15.30594253540039,9.90197467803955
2025-08-25,12.085570335388184,15.343480110168457,9.865870475769043
2025-08-26,11.979639053344727,15.30594253540039,9.820737838745117
2025-08-27,12.201128959655762,15.41855525970459,9.965161323547363
2025-08-28,12.547807693481445,15.756391525268555,10.091530799865723
2025-08-29,12.499655723571777,15.79393196105957,10.127636909484863
2025-09-01,12.499655723571777,15.69070053100586,10.203190803527832
2025-09-02,12.278169631958008,15.51123332977295,10.040373802185059
2025-09-03,12.4707670211792,15.501839637756348,9.922783851623535
2025-09-04,12.605586051940918,15.81187629699707,9.977057456970215
2025-09-05,12.884855270385742,16.197071075439453,10.085600852966309
2025-09-08,12.65373706817627,16.112520217895508,10.040373802185059
2025-09-09,12.528547286987305,15.962194442749023,10.004193305969238
2025-09-10,12.49002742767334,15.849457740783691,10.022284507751465
2025-09-11,12.634476661682129,15.999775886535645,10.031330108642578
2025-09-12,12.4707670211792,15.81187629699707,9.949922561645508
2025-09-15,12.875224113464355,15.999775886535645,10.085600852966309
2025-09-16,12.981152534484863,15.962194442749023,10.076557159423828
2025-09-17,13.212272644042969,16.51650047302246,10.266509056091309
2025-09-18,13.221901893615723,16.34739112854004,10.275554656982422
2025-09-19,13.15449333190918,16.63863754272461,10.329827308654785
2025-09-22,13.000412940979004,16.666824340820312,10.221282958984375
2025-09-23,12.846335411071777,16.770172119140625,10.356963157653809
2025-09-24,12.757499694824219,16.63863754272461,10.302690505981445
2025-09-25,12.544389724731445,16.507108688354492,10.212237358093262
2025-09-26,12.805933952331543,16.591665267944336,10.293644905090332
2025-09-29,12.980295181274414,16.76077651977539,10.366009712219238
2025-09-30,12.980295181274414,16.901376724243164,10.375054359436035
2025-10-01,12.680005073547363,16.614749908447266,10.221282958984375
2025-10-02,12.437834739685059,16.345958709716797,10.094648361206055
2025-10-03,12.350653648376465,16.35552406311035,10.148919105529785
2025-10-06,12.244099617004395,16.259878158569336,10.103693008422852
2025-10-07,11.85662841796875,15.992067337036133,9.904695510864258
2025-10-08,12.263472557067871,16.25031089782715,9.977057456970215
2025-10-09,12.389400482177734,16.336397171020508,9.931830406188965
2025-10-10,12.205352783203125,16.116409301757812,9.904695510864258
2025-10-13,12.311906814575195,16.183359146118164,9.949922561645508
2025-10-14,12.1569185256958,16.412914276123047,9.958965301513672
2025-10-15,12.244099617004395,16.604206085205078,9.958965301513672
2025-10-16,12.205352783203125,16.795494079589844,9.931830406188965
2025-10-17,12.166605949401855,16.910274505615234,9.949922561645508
2025-10-20,12.263472557067871,17.225906372070312,10.157964706420898
2025-10-21,11.943809509277344,16.996353149414062,10.058465957641602
2025-10-22,12.060050010681152,17.015485763549805,10.167009353637695
2025-10-23,12.19566535949707,17.19721031188965,10.167009353637695
2025-10-24,12.108484268188477,17.29285430908203,10.203190803527832
2025-10-27,12.137544631958008,17.436325073242188,10.239373207092285
2025-10-28,12.234413146972656,17.445892333984375,10.275554656982422
2025-10-29,12.244099617004395,18.010202407836914,10.483598709106445
2025-10-30,12.205352783203125,17.31198501586914,10.438371658325195
2025-10-31,12.263472557067871,17.36937713623047,10.537870407104492
2025-11-03,12.437834739685059,17.5606689453125,10.6554594039917
2025-11-04,12.437834739685059,17.617130279541016,10.619278907775879
2025-11-05,12.786559104919434,17.990541458129883,10.673551559448242
2025-11-06,12.689692497253418,17.913942337036133,10.709734916687012
2025-11-07,12.57344913482666,17.933090209960938,10.682598114013672
2025-11-10,12.709065437316895,18.26820182800293,10.700687408447266
2025-11-11,13.106223106384277,18.660757064819336,10.990139961242676
2025-11-12,13.677743911743164,18.612882614135742,10.736867904663086
2025-11-13,14.0167818069458,18.651180267333984,10.800187110900879
2025-11-14,13.98772144317627,18.64160919189453,10.818278312683105
2025-11-17,13.716490745544434,18.49799156188965,10.782094955444336
2025-11-18,13.609936714172363,18.277774810791016,10.709734916687012
2025-11-19,13.4162015914917,18.095857620239258,10.628323554992676
2025-11-21,13.454948425292969,17.990541458129883,10.6554594039917
2025-11-24,13.542128562927246,18.00011444091797,10.682598114013672
2025-11-25,13.726178169250488,18.14373016357422,10.682598114013672
2025-11-26,14.24926471710205,18.68947982788086,10.944913864135742
2025-11-27,14.268637657165527,18.651180267333984,10.881595611572266
2025-11-28,14.491434097290039,18.813949584960938,11.152956008911133
2025-12-01,14.423626899719238,18.526714324951172,11.092717170715332
2025-12-02,14.627049446105957,18.726993560791016,11.364598274230957
2025-12-03,14.32675838470459,18.209463119506836,11.382722854614258
2025-12-04,14.549555778503418,18.468229293823242,11.699915885925293
2025-12-05,13.571188926696777,17.36607551574707,11.201469421386719
2025-12-08,13.900540351867676,17.49066734313965,11.255845069885254
2025-12-09,13.677743911743164,17.260650634765625,11.201469421386719
2025-12-10,13.764925003051758,17.567338943481445,11.243658065795898
2025-12-11,13.852106094360352,17.768604278564453,11.330819129943848
2025-12-12,13.881166458129883,17.883607864379883,11.417978286743164
2025-12-15,13.958660125732422,18.132789611816406,11.621352195739746
2025-12-16,13.29027271270752,17.634424209594727,11.23397445678711
2025-12-17,12.834993362426758,17.49066734313965,11.166182518005371
2025-12-18,12.883427619934082,17.567338943481445,11.23397445678711
2025-12-19,12.970608711242676,17.730266571044922,11.330238342285156
2025-12-22,12.825305938720703,17.481082916259766,11.320359230041504
2025-12-23,13.106223106384277,17.644010543823242,11.448776245117188
2025-12-26,13.29027271270752,17.634424209594727,11.458654403686523
2025-12-29,13.35807991027832,17.720678329467773,11.448776245117188
2025-12-30,13.454948425292969,17.805166244506836,11.537679672241211
2026-01-02,13.375740051269531,17.834529876708984,11.488288879394531
2026-01-05,13.893638610839844,18.58802032470703,11.764876365661621
2026-01-06,14.44141674041748,18.695804595947266,11.814268112182617
2026-01-07,14.222305297851562,18.46063995361328,11.626582145690918
2026-01-08,14.321901321411133,18.147083282470703,11.922926902770996
2026-01-09,14.401577949523926,18.166683197021484,11.96243953704834
2026-01-12,14.431456565856934,18.029497146606445,11.853779792785645
2026-01-13,14.252184867858887,17.823726654052734,11.814268112182617
2026-01-14,14.670486450195312,18.147083282470703,11.883413314819336
2026-01-15,15.058911323547363,18.519432067871094,12.031587600708008
2026-01-16,15.178426742553711,18.52923011779785,11.883413314819336
2026-01-19,15.038992881774902,18.519432067871094,11.834023475646973
2026-01-20,14.610730171203613,18.783994674682617,11.96243953704834
2026-01-21,15.437376022338867,19.36211585998535,12.565007209777832
2026-01-22,15.556891441345215,19.8912410736084,13.029279708862305
2026-01-23,15.756083488464355,20.371374130249023,13.197208404541016
2026-01-26,15.616649627685547,20.459558486938477,13.325624465942383
2026-01-27,16.094709396362305,20.99848747253418,13.681238174438477
2026-01-28,16.443296432495117,21.282644271850586,13.868921279907227
2026-01-29,16.61260986328125,21.008283615112305,13.710872650146484
2026-01-30,16.084749221801758,20.880903244018555,13.493552207946777
2026-02-02,16.28394317626953,21.145465850830078,13.691115379333496
2026-02-03,16.3835391998291,21.262147903442383,13.839287757873535
2026-02-04,15.70628547668457,20.575639724731445,13.414527893066406
2026-02-05,16.194305419921875,20.74236297607422,13.67136001586914
2026-02-06,16.971155166625977,20.212770462036133,14.007216453552246
2026-02-09,17.548810958862305,20.506988525390625,14.41222095489502
2026-02-10,17.379499435424805,20.516796112060547,14.441854476928711
2026-02-11,17.220144271850586,21.124849319458008,14.85673713684082
2026-02-12,17.28986167907715,20.820819854736328,14.491246223449707
2026-02-13,17.389455795288086,20.565832138061523,14.422099113464355
2026-02-18,17.53885269165039,20.506988525390625,14.41222095489502
2026-02-19,17.678285598754883,20.918893814086914,14.61966323852539
2026-02-20,18.0069522857666,21.340606689453125,14.886371612548828
2026-02-23,17.787841796875,20.820819854736328,14.41222095489502
2026-02-24,18.146385192871094,20.987545013427734,14.659173965454102
2026-02-25,18.066709518432617,20.761978149414062,14.441854476928711
2026-02-26,17.877477645874023,20.575639724731445,14.471488952636719
2026-02-27,17.827678680419922,20.74236297607422,14.096120834350586
2026-03-02,18.41529655456543,20.820819854736328,13.991474151611328
2026-03-03,17.469135284423828,19.828397750854492,13.457145690917969
2026-03-04,18.08662986755371,20.113059997558594,13.724309921264648
2026-03-05,17.48905372619629,19.46520233154297,13.26914119720459
2026-03-06,17.170345306396484,19.190351486206055,13.180086135864258
2026-03-09,17.250022888183594,19.190351486206055,13.298826217651367
2026-03-10,18.03683090209961,19.661523818969727,13.467040061950684
2026-03-11,17.917316436767578,19.573179244995117,13.476935386657715
2026-03-12,17.070749282836914,19.033294677734375,13.189981460571289
2026-03-13,16.811800003051758,18.640655517578125,13.021767616271973
2026-03-16,17.2799015045166,18.650470733642578,13.239456176757812
2026-03-17,17.528892517089844,18.50322914123535,13.249351501464844
2026-03-18,17.050832748413086,18.287275314331055,13.229561805725098
2026-03-19,16.851638793945312,18.297094345092773,13.279036521911621
2026-03-20,16.124589920043945,17.992795944213867,13.075419425964355
2026-03-23,17.190265655517578,18.650470733642578,13.544536590576172
2026-03-24,17.30978012084961,18.591575622558594,13.474668502807617
2026-03-25,17.927276611328125,18.925321578979492,13.664311408996582
2026-03-26,17.698205947875977,18.47378158569336,13.404800415039062
2026-03-27,17.140466690063477,18.17930030822754,13.235118865966797
2026-03-30,16.971155166625977,18.130220413208008,13.334930419921875
2026-03-31,18.325658798217773,18.81734275817871,13.953766822814941
2026-04-01,18.520000457763672,19.072561264038086,14.153392791748047
2026-04-02,18.59000015258789,18.786611557006836,13.893880844116211
2026-04-06,18.43000030517578,18.992948532104492,13.853955268859863
2026-04-07,18.049999237060547,19.1699161529541,13.923824310302734
2026-04-08,18.709999084472656,20.127912521362305,14.452829360961914
2026-04-09,19.15999984741211,20.247663497924805,14.71234130859375
2026-04-10,19.510000228881836,20.397348403930664,14.782210350036621
2026-04-13,19.260000228881836,20.547035217285156,14.682397842407227
2026-04-14,19.68000030517578,20.73664093017578,14.802172660827637
2026-04-15,19.84000015258789,20.7565975189209,14.971854209899902
2026-04-16,19.780000686645508,20.806493759155273,14.782210350036621
2026-04-17,19.43000030517578,21.21563720703125,14.782210350036621
2026-04-20,19.25,20.98611831665039,14.71234130859375
2026-04-22,19.06999969482422,20.367412567138672,14.382960319519043
2026-04-23,19.030000686645508,19.928329467773438,14.133429527282715
2026-04-24,18.979999542236328,19.878435134887695,14.193317413330078
2026-04-27,18.719999313354492,19.68882942199707,14.073542594909668
2026-04-28,18.530000686645508,19.529165267944336,14.013654708862305
2026-04-29,17.8799991607666,19.070125579833984,13.634367942810059
2026-04-30,18.030000686645508,19.279685974121094,13.893880844116211
2026-05-04,17.8700008392334,18.870540618896484,13.574481010437012
2026-05-05,18.010000228881836,19.169193267822266,13.634367942810059
2026-05-06,18.360000610351562,19.249107360839844,13.53455638885498
2026-05-07,17.780000686645508,18.499919891357422,13.275043487548828
2026-05-08,17.93000030517578,18.569843292236328,13.474668502807617
2026-05-11,17.59000015258789,18.070384979248047,13.225137710571289
2026-05-12,17.299999237060547,17.94052505493164,13.005550384521484
2026-05-13,16.639999389648438,17.630863189697266,12.825888633728027
2026-05-14,16.93000030517578,17.82065773010254,13.14528751373291
2026-05-15,16.700000762939453,17.670820236206055,12.935681343078613
2026-05-18,16.719999313354492,17.640851974487305,12.815906524658203
2026-05-19,15.890000343322754,17.371143341064453,12.636244773864746
2026-05-20,16.790000915527344,17.840635299682617,12.975606918334961
2026-05-21,17.020000457763672,17.880590438842773,12.965624809265137
2026-05-22,16.65999984741211,17.60089683532715,12.845849990844727
2026-05-25,17.260000228881836,18.05040740966797,13.085399627685547
2026-05-26,16.940000534057617,17.82065773010254,12.965624809265137
2026-05-27,16.479999542236328,17.980484008789062,13.045475006103516
2026-05-28,16.5,17.880590438842773,12.945663452148438
2026-05-29,16.5,17.680809020996094,12.895756721496582
2026-06-01,16.25,17.48102569580078,12.760000228881836
2026-06-02,16.280000686645508,17.75,12.899999618530273
2026-06-03,15.520000457763672,17.3700008392334,12.600000381469727
2026-06-05,15.40999984741211,17.469999313354492,12.539999961853027
2026-06-08,15.220000267028809,17.200000762939453,12.420000076293945
2026-06-09,15.390000343322754,17.43000030517578,12.579999923706055
2026-06-10,15.119999885559082,17.260000228881836,12.59000015258789
